2024-12-10 12:29:48,438 [INFO] Activator:176 - 


2024-12-10 12:29:48,446 [INFO] Activator:177 - !SESSION log4j initialized
2024-12-10 12:30:00,558 [INFO] LogOutputStream:77 - [STDOUT_REDIRECT] 
2024-12-10 12:30:09,671 [INFO] ApplicationProperties:184 - Using Application install path: C:\ST\STM32CubeIDE_1.16.0\STM32CubeIDE\plugins\com.st.stm32cube.common.mx_6.12.0.202406281431
2024-12-10 12:30:09,698 [INFO] DbMcusXml:78 - Set database path to: C:\ST\STM32CubeIDE_1.16.0\STM32CubeIDE\plugins\com.st.stm32cube.common.mx_6.12.0.202406281431\\db\/mcu/
2024-12-10 12:30:09,699 [INFO] ApiDb:274 - Set plugin database path to: C:\ST\STM32CubeIDE_1.16.0\STM32CubeIDE\plugins\com.st.stm32cube.common.mx_6.12.0.202406281431\\db\/plugins/boardmanager/
2024-12-10 12:30:09,700 [WARN] ApiDb:259 - Overriding images path with different value:  => C:\ST\STM32CubeIDE_1.16.0\STM32CubeIDE\plugins\com.st.stm32cube.common.mx_6.12.0.202406281431\\db\/plugins/mcufinder/images/
2024-12-10 12:30:09,722 [INFO] ApiDb:250 - Set database path to: C:\Users\lagoeirl\.stmcufinder\plugins\mcufinder//mcu/
2024-12-10 12:30:09,723 [INFO] DbMcusAds:125 - Set database path to: C:\Users\lagoeirl\.stmcufinder\plugins\mcufinder//mcu/
2024-12-10 12:30:10,003 [INFO] CrossReferenceDbSqlite:203 - Set database path to: C:\Users\lagoeirl\.stmcufinder\plugins\mcufinder//mcu/cs/
2024-12-10 12:30:10,163 [INFO] RulesReader:64 - Compatibility file has been processed (297 Rules)
2024-12-10 12:30:10,279 [INFO] DbMcusXml:78 - Set database path to: C:\ST\STM32CubeIDE_1.16.0\STM32CubeIDE\plugins\com.st.stm32cube.common.mx_6.12.0.202406281431\\db\/mcu/
2024-12-10 12:30:10,279 [INFO] ApiDb:274 - Set plugin database path to: C:\ST\STM32CubeIDE_1.16.0\STM32CubeIDE\plugins\com.st.stm32cube.common.mx_6.12.0.202406281431\\db\/plugins/boardmanager/
2024-12-10 12:30:10,279 [INFO] ApiDb:261 - Set plugin images path to: C:\ST\STM32CubeIDE_1.16.0\STM32CubeIDE\plugins\com.st.stm32cube.common.mx_6.12.0.202406281431\\db\/plugins/mcufinder/images/
2024-12-10 12:30:10,279 [WARN] DbFile:41 - Overriding database path with different value: C:\Users\lagoeirl\.stmcufinder\plugins\mcufinder/ => C:\Users\lagoeirl\.stmcufinder\plugins\mcufinder
2024-12-10 12:30:10,280 [INFO] ApiDb:250 - Set database path to: C:\Users\lagoeirl\.stmcufinder\plugins\mcufinder//mcu/
2024-12-10 12:30:10,280 [WARN] DbFile:41 - Overriding database path with different value: C:\Users\lagoeirl\.stmcufinder\plugins\mcufinder/ => C:\Users\lagoeirl\.stmcufinder\plugins\mcufinder
2024-12-10 12:30:10,280 [INFO] DbMcusAds:125 - Set database path to: C:\Users\lagoeirl\.stmcufinder\plugins\mcufinder//mcu/
2024-12-10 12:30:10,280 [WARN] DbFile:41 - Overriding database path with different value: C:\Users\lagoeirl\.stmcufinder\plugins\mcufinder/ => C:\Users\lagoeirl\.stmcufinder\plugins\mcufinder
2024-12-10 12:30:10,280 [WARN] DbFile:41 - Overriding database path with different value: C:\Users\lagoeirl\.stmcufinder\plugins\mcufinder/ => C:\Users\lagoeirl\.stmcufinder\plugins\mcufinder
2024-12-10 12:30:10,556 [INFO] CrossReferenceDbSqlite:203 - Set database path to: C:\Users\lagoeirl\.stmcufinder\plugins\mcufinder//mcu/cs/
2024-12-10 12:30:10,696 [INFO] MainPanel:268 - HeapMemory: 268435456
2024-12-10 12:30:10,880 [INFO] DbMcusXml:78 - Set database path to: C:\ST\STM32CubeIDE_1.16.0\STM32CubeIDE\plugins\com.st.stm32cube.common.mx_6.12.0.202406281431\\db\/mcu/
2024-12-10 12:30:10,880 [INFO] ApiDb:274 - Set plugin database path to: C:\ST\STM32CubeIDE_1.16.0\STM32CubeIDE\plugins\com.st.stm32cube.common.mx_6.12.0.202406281431\\db\/plugins/boardmanager/
2024-12-10 12:30:10,880 [INFO] ApiDb:261 - Set plugin images path to: C:\ST\STM32CubeIDE_1.16.0\STM32CubeIDE\plugins\com.st.stm32cube.common.mx_6.12.0.202406281431\\db\/plugins/mcufinder/images/
2024-12-10 12:30:10,881 [WARN] DbFile:41 - Overriding database path with different value: C:\Users\lagoeirl\.stmcufinder\plugins\mcufinder/ => C:\Users\lagoeirl\.stmcufinder\plugins\mcufinder
2024-12-10 12:30:10,881 [INFO] ApiDb:250 - Set database path to: C:\Users\lagoeirl\.stmcufinder\plugins\mcufinder//mcu/
2024-12-10 12:30:10,881 [WARN] DbFile:41 - Overriding database path with different value: C:\Users\lagoeirl\.stmcufinder\plugins\mcufinder/ => C:\Users\lagoeirl\.stmcufinder\plugins\mcufinder
2024-12-10 12:30:10,881 [INFO] DbMcusAds:125 - Set database path to: C:\Users\lagoeirl\.stmcufinder\plugins\mcufinder//mcu/
2024-12-10 12:30:10,881 [WARN] DbFile:41 - Overriding database path with different value: C:\Users\lagoeirl\.stmcufinder\plugins\mcufinder/ => C:\Users\lagoeirl\.stmcufinder\plugins\mcufinder
2024-12-10 12:30:10,881 [WARN] DbFile:41 - Overriding database path with different value: C:\Users\lagoeirl\.stmcufinder\plugins\mcufinder/ => C:\Users\lagoeirl\.stmcufinder\plugins\mcufinder
2024-12-10 12:30:11,159 [INFO] CrossReferenceDbSqlite:203 - Set database path to: C:\Users\lagoeirl\.stmcufinder\plugins\mcufinder//mcu/cs/
2024-12-10 12:30:11,193 [INFO] ApplicationProperties:184 - Using Application install path: C:\ST\STM32CubeIDE_1.16.0\STM32CubeIDE\plugins\com.st.stm32cube.common.mx_6.12.0.202406281431
2024-12-10 12:30:11,195 [INFO] PluginManage:196 - Search for loadable plugins [exclusion list=, ]
2024-12-10 12:30:11,198 [INFO] PluginManage:310 - Check plugin analytics
2024-12-10 12:30:12,279 [INFO] AnalyticsPlugin:253 - Accepted Software Licenses: STM32CubeMX.6.11.1,STM32CubeMX.6.12.1,STM32CubeMX.6.13.0
2024-12-10 12:30:12,280 [INFO] AnalyticsPlugin:255 - Accepted CMSIS Pack Licenses: STMicroelectronics.X-CUBE-MEMS1.10.0.0,STMicroelectronics.X-CUBE-DISPLAY.3.0.0,STMicroelectronics.X-CUBE-AI.9.1.0,STMicroelectronics.X-CUBE-TOUCHGFX.4.24.1,STMicroelectronics.X-CUBE-AZRTOS-L4.2.0.0,STMicroelectronics.X-CUBE-TOUCHGFX.4.23.0
2024-12-10 12:30:12,281 [INFO] AnalyticsPlugin:257 - Accepted Firmware Licenses: FW.H7.1.11.0,FW.L4.1.18.0,FW.U5.1.6.0,FW.F4.1.28.0,FW.H5.1.3.0,FW.H7RS.1.1.0,FW.C0.1.2.0,FW.U5.1.7.0,FW.H7RS.1.0.0,FW.F7.1.17.0
2024-12-10 12:30:12,284 [INFO] PluginManage:359 - Loaded plugin analytics (category:tool,tabindex:-1)
2024-12-10 12:30:12,286 [INFO] PluginManage:310 - Check plugin cadmodel
2024-12-10 12:30:12,319 [INFO] CADModel:105 - Init CAD model plugin
2024-12-10 12:30:12,319 [INFO] PluginManage:359 - Loaded plugin cadmodel (category:power,tabindex:5)
2024-12-10 12:30:12,319 [INFO] PluginManage:310 - Check plugin clock
2024-12-10 12:30:12,355 [INFO] PluginManage:359 - Loaded plugin clock (category:base,tabindex:2)
2024-12-10 12:30:12,355 [INFO] PluginManage:310 - Check plugin ddr
2024-12-10 12:30:12,359 [INFO] PluginManage:359 - Loaded plugin ddr (category:tool,tabindex:6)
2024-12-10 12:30:12,360 [INFO] PluginManage:310 - Check plugin filemanager
2024-12-10 12:30:12,556 [INFO] PluginManage:359 - Loaded plugin filemanager (category:base,tabindex:10)
2024-12-10 12:30:12,556 [INFO] PluginManage:310 - Check plugin ipmanager
2024-12-10 12:30:12,565 [INFO] PluginManage:359 - Loaded plugin ipmanager (category:base,tabindex:5)
2024-12-10 12:30:12,566 [INFO] PluginManage:310 - Check plugin lpbam
2024-12-10 12:30:12,592 [INFO] PluginManage:359 - Loaded plugin lpbam (category:base,tabindex:0)
2024-12-10 12:30:12,592 [INFO] PluginManage:310 - Check plugin memorymap
2024-12-10 12:30:12,623 [INFO] PluginManage:359 - Loaded plugin memorymap (category:base,tabindex:4)
2024-12-10 12:30:12,624 [INFO] PluginManage:310 - Check plugin pinoutandconfiguration
2024-12-10 12:30:12,649 [INFO] PluginManage:359 - Loaded plugin pinoutandconfiguration (category:base,tabindex:1)
2024-12-10 12:30:12,649 [INFO] PluginManage:310 - Check plugin pinoutconfig
2024-12-10 12:30:12,761 [WARN] SupportedApi:132 - Cannot load RTOS API schema: s4s-elt-must-match.1: The content of 'definitions' must match (annotation?, (simpleType | complexType)?, (unique | key | keyref)*)). A problem was found starting at: attribute.
2024-12-10 12:30:12,949 [INFO] PluginManage:359 - Loaded plugin pinoutconfig (category:base,tabindex:0)
2024-12-10 12:30:12,950 [INFO] PluginManage:310 - Check plugin power
2024-12-10 12:30:12,979 [INFO] PluginManage:359 - Loaded plugin power (category:power,tabindex:4)
2024-12-10 12:30:12,979 [INFO] PluginManage:310 - Check plugin projectmanager
2024-12-10 12:30:13,000 [INFO] PluginManage:359 - Loaded plugin projectmanager (category:projectmanager,tabindex:4)
2024-12-10 12:30:13,000 [INFO] PluginManage:310 - Check plugin rif
2024-12-10 12:30:13,028 [INFO] PluginManage:359 - Loaded plugin rif (category:base,tabindex:3)
2024-12-10 12:30:13,028 [INFO] PluginManage:310 - Check plugin thirdparty
2024-12-10 12:30:13,466 [INFO] PluginManage:359 - Loaded plugin thirdparty (category:base,tabindex:-1)
2024-12-10 12:30:13,466 [WARN] IntegrityCheckThread:84 - waiting for thirdparty lock release [integrity check]
2024-12-10 12:30:13,466 [INFO] PluginManage:310 - Check plugin tools
2024-12-10 12:30:13,466 [INFO] IntegrityCheckThread:86 - entering critical section [integrity check]
2024-12-10 12:30:13,467 [INFO] ThirdPartyUpdaterWithRetryManager:70 - Updater plugin not ready yet. [1/15]
2024-12-10 12:30:13,528 [INFO] PluginManage:359 - Loaded plugin tools (category:base,tabindex:7)
2024-12-10 12:30:13,528 [INFO] PluginManage:310 - Check plugin tutovideos
2024-12-10 12:30:13,806 [INFO] PluginManage:359 - Loaded plugin tutovideos (category:base,tabindex:-1)
2024-12-10 12:30:13,806 [INFO] PluginManage:310 - Check plugin updater
2024-12-10 12:30:13,830 [INFO] PluginManage:359 - Loaded plugin updater (category:base,tabindex:12)
2024-12-10 12:30:13,830 [INFO] PluginManage:310 - Check plugin userauth
2024-12-10 12:30:13,838 [INFO] UserAuth:113 - Init User Auth plugin
2024-12-10 12:30:13,838 [INFO] PluginManage:359 - Loaded plugin userauth (category:base,tabindex:14)
2024-12-10 12:30:13,839 [INFO] PluginManage:283 - PluginManage : Loaded plugins [18]
2024-12-10 12:30:14,145 [INFO] PinOutPanel:1561 - setPackage(No Configuration,No Configuration)
2024-12-10 12:30:14,278 [INFO] CADModel:165 - CPN selected for project level
2024-12-10 12:30:14,278 [INFO] CADModel:114 - Register for checkConnection events
2024-12-10 12:30:14,314 [INFO] IPUIPlugin:80 - create IPUIPlugin
2024-12-10 12:30:14,314 [INFO] PluginManager:220 - loadIPPluginJar : add adc
2024-12-10 12:30:14,376 [INFO] IPUIPlugin:80 - create IPUIPlugin
2024-12-10 12:30:14,376 [INFO] PluginManager:220 - loadIPPluginJar : add aes
2024-12-10 12:30:14,443 [INFO] IPUIPlugin:80 - create IPUIPlugin
2024-12-10 12:30:14,443 [INFO] PluginManager:220 - loadIPPluginJar : add can
2024-12-10 12:30:14,491 [INFO] IPUIPlugin:80 - create IPUIPlugin
2024-12-10 12:30:14,491 [INFO] PluginManager:220 - loadIPPluginJar : add comp
2024-12-10 12:30:14,545 [INFO] IPUIPlugin:80 - create IPUIPlugin
2024-12-10 12:30:14,546 [INFO] PluginManager:220 - loadIPPluginJar : add cryp
2024-12-10 12:30:14,564 [INFO] IPUIPlugin:80 - create IPUIPlugin
2024-12-10 12:30:14,566 [INFO] PluginManager:220 - loadIPPluginJar : add ddr_ctrl_phy
2024-12-10 12:30:14,632 [INFO] IPUIPlugin:80 - create IPUIPlugin
2024-12-10 12:30:14,632 [INFO] PluginManager:220 - loadIPPluginJar : add dfsdm
2024-12-10 12:30:14,658 [INFO] IPUIPlugin:80 - create IPUIPlugin
2024-12-10 12:30:14,658 [INFO] PluginManager:220 - loadIPPluginJar : add dma
2024-12-10 12:30:14,759 [INFO] IPUIPlugin:80 - create IPUIPlugin
2024-12-10 12:30:14,760 [INFO] PluginManager:220 - loadIPPluginJar : add dma3
2024-12-10 12:30:14,849 [INFO] IPUIPlugin:80 - create IPUIPlugin
2024-12-10 12:30:14,850 [INFO] PluginManager:220 - loadIPPluginJar : add extmemmanager
2024-12-10 12:30:14,886 [INFO] IPUIPlugin:80 - create IPUIPlugin
2024-12-10 12:30:14,886 [INFO] PluginManager:220 - loadIPPluginJar : add fatfs
2024-12-10 12:30:14,959 [INFO] IPUIPlugin:80 - create IPUIPlugin
2024-12-10 12:30:14,959 [INFO] PluginManager:220 - loadIPPluginJar : add fmc
2024-12-10 12:30:14,981 [INFO] IPUIPlugin:80 - create IPUIPlugin
2024-12-10 12:30:14,981 [INFO] PluginManager:220 - loadIPPluginJar : add freertos
2024-12-10 12:30:15,023 [INFO] IPUIPlugin:80 - create IPUIPlugin
2024-12-10 12:30:15,023 [INFO] PluginManager:220 - loadIPPluginJar : add genericplugin
2024-12-10 12:30:15,180 [INFO] IPUIPlugin:80 - create IPUIPlugin
2024-12-10 12:30:15,181 [INFO] PluginManager:220 - loadIPPluginJar : add gfxmmu
2024-12-10 12:30:15,382 [INFO] IPUIPlugin:80 - create IPUIPlugin
2024-12-10 12:30:15,382 [INFO] PluginManager:220 - loadIPPluginJar : add gic
2024-12-10 12:30:15,399 [INFO] IPUIPlugin:80 - create IPUIPlugin
2024-12-10 12:30:15,399 [INFO] PluginManager:220 - loadIPPluginJar : add gpio
2024-12-10 12:30:15,549 [INFO] IPUIPlugin:80 - create IPUIPlugin
2024-12-10 12:30:15,549 [INFO] PluginManager:220 - loadIPPluginJar : add gtzc
2024-12-10 12:30:15,610 [INFO] IPUIPlugin:80 - create IPUIPlugin
2024-12-10 12:30:15,610 [INFO] PluginManager:220 - loadIPPluginJar : add hash
2024-12-10 12:30:15,696 [INFO] IPUIPlugin:80 - create IPUIPlugin
2024-12-10 12:30:15,697 [INFO] PluginManager:220 - loadIPPluginJar : add i2c
2024-12-10 12:30:15,756 [INFO] IPUIPlugin:80 - create IPUIPlugin
2024-12-10 12:30:15,756 [INFO] PluginManager:220 - loadIPPluginJar : add i2s
2024-12-10 12:30:15,815 [INFO] IPUIPlugin:80 - create IPUIPlugin
2024-12-10 12:30:15,816 [INFO] PluginManager:220 - loadIPPluginJar : add i3c
2024-12-10 12:30:15,966 [INFO] IPUIPlugin:80 - create IPUIPlugin
2024-12-10 12:30:15,967 [INFO] PluginManager:220 - loadIPPluginJar : add ipddr
2024-12-10 12:30:16,096 [INFO] IPUIPlugin:80 - create IPUIPlugin
2024-12-10 12:30:16,096 [INFO] PluginManager:220 - loadIPPluginJar : add linkedlist
2024-12-10 12:30:16,145 [INFO] IPUIPlugin:80 - create IPUIPlugin
2024-12-10 12:30:16,146 [INFO] PluginManager:220 - loadIPPluginJar : add lorawan
2024-12-10 12:30:16,196 [INFO] IPUIPlugin:80 - create IPUIPlugin
2024-12-10 12:30:16,196 [INFO] PluginManager:220 - loadIPPluginJar : add ltdc
2024-12-10 12:30:16,221 [INFO] IPUIPlugin:80 - create IPUIPlugin
2024-12-10 12:30:16,221 [INFO] PluginManager:220 - loadIPPluginJar : add mdma
2024-12-10 12:30:16,239 [INFO] IPUIPlugin:80 - create IPUIPlugin
2024-12-10 12:30:16,240 [INFO] PluginManager:220 - loadIPPluginJar : add nvic
2024-12-10 12:30:16,303 [INFO] IPUIPlugin:80 - create IPUIPlugin
2024-12-10 12:30:16,303 [INFO] PluginManager:220 - loadIPPluginJar : add opamp
2024-12-10 12:30:16,411 [INFO] IPUIPlugin:80 - create IPUIPlugin
2024-12-10 12:30:16,411 [INFO] PluginManager:220 - loadIPPluginJar : add openamp
2024-12-10 12:30:16,468 [INFO] ThirdPartyUpdaterWithRetryManager:70 - Updater plugin not ready yet. [2/15]
2024-12-10 12:30:16,486 [INFO] IPUIPlugin:80 - create IPUIPlugin
2024-12-10 12:30:16,487 [INFO] PluginManager:220 - loadIPPluginJar : add pdm2pcm
2024-12-10 12:30:16,511 [INFO] IPUIPlugin:80 - create IPUIPlugin
2024-12-10 12:30:16,515 [INFO] PluginManager:220 - loadIPPluginJar : add plateformsettings
2024-12-10 12:30:16,566 [INFO] IPUIPlugin:80 - create IPUIPlugin
2024-12-10 12:30:16,567 [INFO] PluginManager:220 - loadIPPluginJar : add quadspi
2024-12-10 12:30:16,616 [INFO] IPUIPlugin:80 - create IPUIPlugin
2024-12-10 12:30:16,616 [INFO] PluginManager:220 - loadIPPluginJar : add radio
2024-12-10 12:30:16,640 [INFO] IPUIPlugin:80 - create IPUIPlugin
2024-12-10 12:30:16,642 [INFO] PluginManager:220 - loadIPPluginJar : add resmgrutility
2024-12-10 12:30:16,719 [INFO] IPUIPlugin:80 - create IPUIPlugin
2024-12-10 12:30:16,719 [INFO] PluginManager:220 - loadIPPluginJar : add sai
2024-12-10 12:30:16,777 [INFO] IPUIPlugin:80 - create IPUIPlugin
2024-12-10 12:30:16,779 [INFO] PluginManager:220 - loadIPPluginJar : add spi
2024-12-10 12:30:16,878 [INFO] IPUIPlugin:80 - create IPUIPlugin
2024-12-10 12:30:16,878 [INFO] PluginManager:220 - loadIPPluginJar : add stm32_wpan
2024-12-10 12:30:16,937 [INFO] IPUIPlugin:80 - create IPUIPlugin
2024-12-10 12:30:16,937 [INFO] PluginManager:220 - loadIPPluginJar : add tim
2024-12-10 12:30:17,038 [INFO] IPUIPlugin:80 - create IPUIPlugin
2024-12-10 12:30:17,038 [INFO] PluginManager:220 - loadIPPluginJar : add touchsensing
2024-12-10 12:30:17,101 [INFO] IPUIPlugin:80 - create IPUIPlugin
2024-12-10 12:30:17,101 [INFO] PluginManager:220 - loadIPPluginJar : add tracer_emb
2024-12-10 12:30:17,136 [INFO] IPUIPlugin:80 - create IPUIPlugin
2024-12-10 12:30:17,137 [INFO] PluginManager:220 - loadIPPluginJar : add ts
2024-12-10 12:30:17,170 [INFO] IPUIPlugin:80 - create IPUIPlugin
2024-12-10 12:30:17,170 [INFO] PluginManager:220 - loadIPPluginJar : add tsc
2024-12-10 12:30:17,202 [INFO] IPUIPlugin:80 - create IPUIPlugin
2024-12-10 12:30:17,202 [INFO] PluginManager:220 - loadIPPluginJar : add ucpd
2024-12-10 12:30:17,276 [INFO] IPUIPlugin:80 - create IPUIPlugin
2024-12-10 12:30:17,276 [INFO] PluginManager:220 - loadIPPluginJar : add usart
2024-12-10 12:30:17,344 [INFO] IPUIPlugin:80 - create IPUIPlugin
2024-12-10 12:30:17,345 [INFO] PluginManager:220 - loadIPPluginJar : add usbx
2024-12-10 12:30:17,493 [INFO] CADModel:165 - CPN selected for project level
2024-12-10 12:30:17,494 [INFO] CADModel:114 - Register for checkConnection events
2024-12-10 12:30:17,494 [FATAL] Updater:334 - Updater called before beeing initialized
2024-12-10 12:30:17,494 [ERROR] CADModel:125 - Updater not yet initialized, retry later 
2024-12-10 12:30:17,691 [INFO] CADModel:165 - CPN selected for project level
2024-12-10 12:30:17,691 [INFO] CADModel:114 - Register for checkConnection events
2024-12-10 12:30:17,691 [FATAL] Updater:334 - Updater called before beeing initialized
2024-12-10 12:30:17,691 [ERROR] CADModel:125 - Updater not yet initialized, retry later 
2024-12-10 12:30:17,695 [FATAL] Updater:334 - Updater called before beeing initialized
2024-12-10 12:30:17,868 [FATAL] Updater:334 - Updater called before beeing initialized
2024-12-10 12:30:17,887 [INFO] DbMcusAds:53 - JSON generation date=Fri Sep 20 10:04:23 BRT 2024 (1726837463113)
2024-12-10 12:30:17,887 [FATAL] Updater:334 - Updater called before beeing initialized
2024-12-10 12:30:17,944 [WARN] DetailPanel:346 - Failed to get advertising image, set to default
2024-12-10 12:30:18,047 [FATAL] Updater:334 - Updater called before beeing initialized
2024-12-10 12:30:18,050 [FATAL] Updater:334 - Updater called before beeing initialized
2024-12-10 12:30:18,050 [FATAL] Updater:334 - Updater called before beeing initialized
2024-12-10 12:30:18,050 [WARN] DetailPanel:346 - Failed to get advertising image, set to default
2024-12-10 12:30:18,051 [FATAL] Updater:334 - Updater called before beeing initialized
2024-12-10 12:30:18,137 [ERROR] Updater:1164 - MainUpdater not yet initialized. External WinMGr cannot be set.
2024-12-10 12:30:18,155 [INFO] Updater:1100 - Updater Version found : 6.12.0
2024-12-10 12:30:18,178 [INFO] ApplicationProperties:184 - Using Application install path: C:\ST\STM32CubeIDE_1.16.0\STM32CubeIDE\plugins\com.st.stm32cube.common.mx_6.12.0.202406281431
2024-12-10 12:30:19,474 [INFO] ThirdPartyUpdaterWithRetryManager:70 - Updater plugin not ready yet. [3/15]
2024-12-10 12:30:19,778 [ERROR] LogOutputStream:75 - [STDERR_REDIRECT] Dec 10, 2024 12:30:19 PM java.util.prefs.WindowsPreferences <init>
2024-12-10 12:30:19,780 [ERROR] LogOutputStream:75 - [STDERR_REDIRECT] WARNING: Could not open/create prefs root node Software\JavaSoft\Prefs at root 0xffffffff80000002. Windows RegCreateKeyEx(...) returned error code 5.
2024-12-10 12:30:19,780 [ERROR] LogOutputStream:75 - [STDERR_REDIRECT] 
2024-12-10 12:30:20,296 [INFO] MainUpdater:526 - Copy updater definitions from MX database
2024-12-10 12:30:22,485 [FATAL] Updater:334 - Updater called before beeing initialized
2024-12-10 12:30:22,485 [ERROR] IntegrityCheckThread:130 - Cannot retrieve database content from updater: error 21
2024-12-10 12:30:22,486 [INFO] ThirdParty:978 - Integrity check success = false
2024-12-10 12:30:22,486 [INFO] IntegrityCheckThread:100 - exiting critical section [integrity check]
2024-12-10 12:30:22,486 [INFO] IntegrityCheckThread:103 - End integrity checks thread
2024-12-10 12:30:23,328 [INFO] MainUpdater:2873 - connection check result : 10
2024-12-10 12:30:23,328 [INFO] MainUpdater:3567 - Updater definition file requires update
2024-12-10 12:30:23,336 [INFO] MainUpdater:290 - Updater Check For Update Now.
2024-12-10 12:30:23,336 [INFO] MicroXplorer:498 - Change Database Version : DB.6.0.120
2024-12-10 12:30:23,375 [INFO] McuFinderGlobals:63 - Set McuFinder mode to 2 (CubeIDE integrated)
2024-12-10 12:30:23,390 [INFO] UserAuth:417 - Internet connection configuration mode: 1
2024-12-10 12:30:23,432 [INFO] JxBrowserEngine:152 - Initiate JxBrowser Engine with user profile folder
2024-12-10 12:30:24,329 [INFO] ServerAccessManage:473 - Download File updaters.zip
2024-12-10 12:30:25,561 [INFO] FileExtend:240 - Unzip File : updaters.zip
2024-12-10 12:30:25,562 [INFO] FileExtend:255 - Standard Zip Deflate
2024-12-10 12:30:30,063 [INFO] ServerAccessManage:473 - Download File PacksControlFlags.xml
2024-12-10 12:30:30,874 [INFO] ServerAccessManage:473 - Download File cubemx.pidx
2024-12-10 12:30:34,562 [INFO] ServerAccessManage:473 - Download File STMicroelectronics.X-CUBE-FREERTOS.pdsc
2024-12-10 12:30:48,135 [WARN] PackLoader:240 - Cannot read IP mode file for STMicroelectronics.X-CUBE-FREERTOS.1.3.0
2024-12-10 12:30:48,152 [INFO] PopulateThirdPartyThread:66 - Ending populate Thread
2024-12-10 12:30:48,222 [INFO] ThirdParty:1030 - CMSIS Pack Vendor :STMicroelectronics X-CUBE-FREERTOS 1.3.0
2024-12-10 12:30:48,224 [INFO] LoadServerUpdatesThread:375 - End of LoadServerUpdate Thread
2024-12-10 12:30:48,384 [INFO] CheckServerUpdateThread:120 - End of CheckServer Thread
2024-12-10 12:30:49,272 [INFO] WebApp:167 - Instantiating new browser for Auth
2024-12-10 12:30:55,403 [INFO] WebApp:448 - Apply proxy settings
2024-12-10 12:30:55,408 [INFO] WebApp:493 - Chromium authenticates against Manually configured proxy
2024-12-10 12:30:55,420 [INFO] WebApp:501 - Username used for proxy authentication: lagoeirl
2024-12-10 12:30:55,483 [INFO] WebApp:869 - Register for checkConnection events
2024-12-10 12:30:55,483 [INFO] WebApp:448 - Apply proxy settings
2024-12-10 12:30:55,483 [INFO] WebApp:493 - Chromium authenticates against Manually configured proxy
2024-12-10 12:30:55,484 [INFO] WebApp:501 - Username used for proxy authentication: lagoeirl
2024-12-10 12:30:55,830 [INFO] WebApp:220 - Starting web application
2024-12-10 12:30:55,830 [INFO] WebApp:578 - Web application path used C:\ST\STM32CubeIDE_1.16.0\STM32CubeIDE\plugins\com.st.stm32cube.common.mx_6.12.0.202406281431\db\plugins\mcufinder\reactClient1\index.html
2024-12-10 12:30:56,248 [INFO] UserAuth:417 - Internet connection configuration mode: 1
2024-12-10 12:30:57,915 [INFO] WebApp:186 - Connection restablished
2024-12-10 12:36:25,189 [INFO] McuFinderGlobals:63 - Set McuFinder mode to 2 (CubeIDE integrated)
2024-12-10 12:36:25,267 [INFO] MainUpdater:2873 - connection check result : 10
2024-12-10 12:36:25,281 [INFO] MainUpdater:2873 - connection check result : 10
2024-12-10 12:36:25,911 [INFO] RulesReader:64 - Compatibility file has been processed (297 Rules)
2024-12-10 12:36:25,929 [INFO] RulesReader:64 - Compatibility file has been processed (297 Rules)
2024-12-10 12:36:25,987 [INFO] MicroXplorer:468 - Change Database Path : 
2024-12-10 12:36:25,989 [INFO] MicroXplorer:498 - Change Database Version : DB.6.0.120
2024-12-10 12:36:26,008 [WARN] ThirdParty:871 - waiting for thirdparty lock release [close project]
2024-12-10 12:36:26,008 [INFO] ThirdParty:873 - entering critical section [close project]
2024-12-10 12:36:26,014 [INFO] ThirdParty:883 - exiting critical section [close project]
2024-12-10 12:36:26,027 [INFO] PinOutPanel:1561 - setPackage(No Configuration,No Configuration)
2024-12-10 12:36:26,055 [INFO] UtilMem:75 - Begin LoadConfig() Used Memory: 181566888 Bytes (355467264)
2024-12-10 12:36:26,061 [INFO] MicroXplorer:468 - Change Database Path : 
2024-12-10 12:36:26,061 [INFO] MicroXplorer:498 - Change Database Version : DB.6.0.120
2024-12-10 12:36:26,062 [INFO] OpenFileManager:332 - Change cursor
2024-12-10 12:36:26,123 [WARN] IntegrityCheckThread:84 - waiting for thirdparty lock release [integrity check]
2024-12-10 12:36:26,123 [INFO] IntegrityCheckThread:86 - entering critical section [integrity check]
2024-12-10 12:36:27,130 [WARN] PackLoader:240 - Cannot read IP mode file for STMicroelectronics.FP-SNS-MOTENVWB1.1.4.0
2024-12-10 12:36:27,155 [WARN] PackLoader:240 - Cannot read IP mode file for STMicroelectronics.FP-ATR-ASTRA1.2.0.1
2024-12-10 12:36:27,213 [WARN] PackLoader:240 - Cannot read IP mode file for STMicroelectronics.X-CUBE-SMBUS.2.1.0
2024-12-10 12:36:27,255 [WARN] PackLoader:240 - Cannot read IP mode file for STMicroelectronics.X-CUBE-WB05N.1.1.0
2024-12-10 12:36:27,297 [WARN] PackLoader:240 - Cannot read IP mode file for STMicroelectronics.X-CUBE-TOUCHGFX.4.23.0
2024-12-10 12:36:27,687 [WARN] PackLoader:240 - Cannot read IP mode file for STMicroelectronics.X-CUBE-AZRTOS-F7.1.1.0
2024-12-10 12:36:27,949 [WARN] PackLoader:240 - Cannot read IP mode file for STMicroelectronics.X-CUBE-MEMS1.11.0.0
2024-12-10 12:36:28,651 [WARN] PackLoader:240 - Cannot read IP mode file for STMicroelectronics.FP-SNS-FLIGHT1.5.0.2
2024-12-10 12:36:28,809 [WARN] PackLoader:240 - Cannot read IP mode file for Infineon.AIROC-Wi-Fi-Bluetooth-STM32.1.7.0
2024-12-10 12:36:28,897 [WARN] PackLoader:240 - Cannot read IP mode file for STMicroelectronics.X-CUBE-DISPLAY.3.0.0
2024-12-10 12:36:29,102 [WARN] PackLoader:240 - Cannot read IP mode file for STMicroelectronics.X-CUBE-BLE1.7.0.0
2024-12-10 12:36:29,144 [WARN] PackLoader:240 - Cannot read IP mode file for STMicroelectronics.X-CUBE-NFC10.1.0.0
2024-12-10 12:36:29,193 [WARN] PackLoader:240 - Cannot read IP mode file for STMicroelectronics.X-CUBE-BLEMGR.4.0.0
2024-12-10 12:36:29,247 [WARN] PackLoader:240 - Cannot read IP mode file for emotas.I-CUBE-CANOPEN.1.3.0
2024-12-10 12:36:29,288 [WARN] PackLoader:240 - Cannot read IP mode file for STMicroelectronics.X-CUBE-BLEMGR.3.1.0
2024-12-10 12:36:29,326 [WARN] PackLoader:240 - Cannot read IP mode file for STMicroelectronics.FP-SNS-SMARTAG2.1.2.0
2024-12-10 12:36:29,386 [INFO] LogOutputStream:77 - [STDOUT_REDIRECT] 1 : Invalid condition id : UX_CORESTACK_Condition cause : null
2024-12-10 12:36:29,396 [INFO] LogOutputStream:77 - [STDOUT_REDIRECT] 1 : Invalid condition id : UX_CORESTACK_Condition cause : null
2024-12-10 12:36:29,401 [INFO] LogOutputStream:77 - [STDOUT_REDIRECT] 1 : Invalid condition id : UX_CORESTACK_Condition cause : null
2024-12-10 12:36:29,404 [INFO] LogOutputStream:77 - [STDOUT_REDIRECT] 1 : Invalid condition id : UX_CORESTACK_Condition cause : null
2024-12-10 12:36:29,407 [INFO] LogOutputStream:77 - [STDOUT_REDIRECT] 1 : Invalid condition id : UX_CORESTACK_Condition cause : null
2024-12-10 12:36:29,411 [WARN] PackLoader:240 - Cannot read IP mode file for STMicroelectronics.X-CUBE-AZRTOS-WL.2.0.0
2024-12-10 12:36:29,453 [WARN] PackLoader:240 - Cannot read IP mode file for STMicroelectronics.FP-SNS-MOTENV1.5.0.0
2024-12-10 12:36:29,468 [WARN] PackLoader:240 - Cannot read IP mode file for wolfSSL.I-CUBE-wolfMQTT.1.19.0
2024-12-10 12:36:29,512 [WARN] PackLoader:240 - Cannot read IP mode file for WES.I-CUBE-Cesium.1.3.0
2024-12-10 12:36:29,554 [WARN] PackLoader:240 - Cannot read IP mode file for STMicroelectronics.X-CUBE-BLE2.3.3.0
2024-12-10 12:36:29,593 [WARN] PackLoader:240 - Cannot read IP mode file for STMicroelectronics.X-CUBE-NFC9.1.0.0
2024-12-10 12:36:29,634 [WARN] PackLoader:240 - Cannot read IP mode file for STMicroelectronics.X-CUBE-TCPP.4.1.0
2024-12-10 12:36:29,688 [WARN] PackLoader:240 - Cannot read IP mode file for STMicroelectronics.X-CUBE-AZRTOS-G0.1.1.0
2024-12-10 12:36:29,725 [WARN] PackLoader:240 - Cannot read IP mode file for STMicroelectronics.X-CUBE-SAFEA1.1.2.2
2024-12-10 12:36:29,764 [WARN] PackLoader:240 - Cannot read IP mode file for STMicroelectronics.X-CUBE-NFC4.3.0.0
2024-12-10 12:36:29,808 [WARN] PackLoader:240 - Cannot read IP mode file for EmbeddedOffice.I-CUBE-FS-RTOS.1.0.1
2024-12-10 12:36:29,809 [ERROR] ConditionMgr:805 - Attr not supported : Dmpu
2024-12-10 12:36:29,809 [ERROR] ConditionMgr:805 - Attr not supported : Dmpu
2024-12-10 12:36:29,809 [ERROR] ConditionMgr:805 - Attr not supported : Dmpu
2024-12-10 12:36:29,809 [ERROR] ConditionMgr:805 - Attr not supported : Dmpu
2024-12-10 12:36:29,809 [ERROR] ConditionMgr:805 - Attr not supported : Dmpu
2024-12-10 12:36:29,809 [ERROR] ConditionMgr:805 - Attr not supported : Dmpu
2024-12-10 12:36:29,809 [ERROR] ConditionMgr:805 - Attr not supported : Dmpu
2024-12-10 12:36:29,809 [ERROR] ConditionMgr:805 - Attr not supported : Dmpu
2024-12-10 12:36:29,809 [ERROR] ConditionMgr:805 - Attr not supported : Dmpu
2024-12-10 12:36:29,809 [ERROR] ConditionMgr:805 - Attr not supported : Dmpu
2024-12-10 12:36:29,809 [ERROR] ConditionMgr:805 - Attr not supported : Dmpu
2024-12-10 12:36:29,809 [ERROR] ConditionMgr:805 - Attr not supported : Dmpu
2024-12-10 12:36:29,809 [ERROR] ConditionMgr:805 - Attr not supported : Dmpu
2024-12-10 12:36:29,809 [ERROR] ConditionMgr:805 - Attr not supported : Dmpu
2024-12-10 12:36:29,809 [ERROR] ConditionMgr:805 - Attr not supported : Dmpu
2024-12-10 12:36:29,809 [ERROR] ConditionMgr:805 - Attr not supported : Dmpu
2024-12-10 12:36:29,809 [ERROR] ConditionMgr:805 - Attr not supported : Dmpu
2024-12-10 12:36:29,810 [ERROR] ConditionMgr:805 - Attr not supported : Dmpu
2024-12-10 12:36:29,810 [ERROR] ConditionMgr:805 - Attr not supported : Dmpu
2024-12-10 12:36:29,810 [ERROR] ConditionMgr:805 - Attr not supported : Dmpu
2024-12-10 12:36:29,810 [ERROR] ConditionMgr:805 - Attr not supported : Dmpu
2024-12-10 12:36:29,810 [ERROR] ConditionMgr:805 - Attr not supported : Dmpu
2024-12-10 12:36:29,810 [ERROR] ConditionMgr:805 - Attr not supported : Dmpu
2024-12-10 12:36:29,810 [ERROR] ConditionMgr:805 - Attr not supported : Dmpu
2024-12-10 12:36:29,810 [ERROR] ConditionMgr:805 - Attr not supported : Dmpu
2024-12-10 12:36:29,810 [ERROR] ConditionMgr:805 - Attr not supported : Dmpu
2024-12-10 12:36:29,810 [ERROR] ConditionMgr:805 - Attr not supported : Dmpu
2024-12-10 12:36:29,810 [ERROR] ConditionMgr:805 - Attr not supported : Dmpu
2024-12-10 12:36:29,810 [ERROR] ConditionMgr:805 - Attr not supported : Dmpu
2024-12-10 12:36:29,810 [ERROR] ConditionMgr:805 - Attr not supported : Dmpu
2024-12-10 12:36:29,810 [ERROR] ConditionMgr:805 - Attr not supported : Dmpu
2024-12-10 12:36:29,810 [ERROR] ConditionMgr:805 - Attr not supported : Dmpu
2024-12-10 12:36:29,810 [ERROR] ConditionMgr:805 - Attr not supported : Dmpu
2024-12-10 12:36:29,810 [ERROR] ConditionMgr:805 - Attr not supported : Dmpu
2024-12-10 12:36:29,810 [ERROR] ConditionMgr:805 - Attr not supported : Dmpu
2024-12-10 12:36:29,810 [ERROR] ConditionMgr:805 - Attr not supported : Dmpu
2024-12-10 12:36:29,810 [ERROR] ConditionMgr:805 - Attr not supported : Dmpu
2024-12-10 12:36:29,811 [ERROR] ConditionMgr:805 - Attr not supported : Dmpu
2024-12-10 12:36:29,811 [ERROR] ConditionMgr:805 - Attr not supported : Dmpu
2024-12-10 12:36:29,811 [ERROR] ConditionMgr:805 - Attr not supported : Dmpu
2024-12-10 12:36:29,811 [ERROR] ConditionMgr:805 - Attr not supported : Dmpu
2024-12-10 12:36:29,811 [ERROR] ConditionMgr:805 - Attr not supported : Dmpu
2024-12-10 12:36:29,811 [ERROR] ConditionMgr:805 - Attr not supported : Dmpu
2024-12-10 12:36:29,811 [ERROR] ConditionMgr:805 - Attr not supported : Dmpu
2024-12-10 12:36:29,811 [ERROR] ConditionMgr:805 - Attr not supported : Dmpu
2024-12-10 12:36:29,811 [ERROR] ConditionMgr:805 - Attr not supported : Dmpu
2024-12-10 12:36:29,811 [ERROR] ConditionMgr:805 - Attr not supported : Dmpu
2024-12-10 12:36:29,811 [ERROR] ConditionMgr:805 - Attr not supported : Dmpu
2024-12-10 12:36:29,811 [ERROR] ConditionMgr:805 - Attr not supported : Dmpu
2024-12-10 12:36:29,812 [ERROR] ConditionMgr:805 - Attr not supported : Dmpu
2024-12-10 12:36:29,812 [ERROR] ConditionMgr:805 - Attr not supported : Dmpu
2024-12-10 12:36:29,812 [ERROR] ConditionMgr:805 - Attr not supported : Dmpu
2024-12-10 12:36:29,812 [ERROR] ConditionMgr:805 - Attr not supported : Dmpu
2024-12-10 12:36:29,812 [ERROR] ConditionMgr:805 - Attr not supported : Dmpu
2024-12-10 12:36:29,812 [ERROR] ConditionMgr:805 - Attr not supported : Dmpu
2024-12-10 12:36:29,813 [ERROR] ConditionMgr:805 - Attr not supported : Dmpu
2024-12-10 12:36:29,813 [ERROR] ConditionMgr:805 - Attr not supported : Dmpu
2024-12-10 12:36:29,813 [ERROR] ConditionMgr:805 - Attr not supported : Dmpu
2024-12-10 12:36:29,813 [ERROR] ConditionMgr:805 - Attr not supported : Dmpu
2024-12-10 12:36:29,814 [ERROR] ConditionMgr:805 - Attr not supported : Dmpu
2024-12-10 12:36:29,814 [ERROR] ConditionMgr:805 - Attr not supported : Dmpu
2024-12-10 12:36:29,815 [ERROR] ConditionMgr:805 - Attr not supported : Dmpu
2024-12-10 12:36:29,815 [ERROR] ConditionMgr:805 - Attr not supported : Dmpu
2024-12-10 12:36:29,815 [ERROR] ConditionMgr:805 - Attr not supported : Dmpu
2024-12-10 12:36:29,847 [WARN] PackLoader:240 - Cannot read IP mode file for RealThread.X-CUBE-RT-Thread_Nano.4.1.1
2024-12-10 12:36:29,873 [WARN] PackLoader:240 - Cannot read IP mode file for STMicroelectronics.FP-ATR-SIGFOX1.3.2.0
2024-12-10 12:36:29,901 [WARN] PackLoader:240 - Cannot read IP mode file for wolfSSL.I-CUBE-wolfSSL.5.7.2
2024-12-10 12:36:29,910 [WARN] ConditionMgr:438 - getConditionDescription Invalid condition id : Cortex-A Device cause : null
2024-12-10 12:36:29,948 [WARN] ConditionMgr:1039 - genDependencies : Invalid condition id : Cortex-A Device cause : null
2024-12-10 12:36:29,948 [WARN] ConditionMgr:1039 - genDependencies : Invalid condition id : Cortex-A Device cause : null
2024-12-10 12:36:29,948 [WARN] ConditionMgr:1039 - genDependencies : Invalid condition id : Cortex-A Device cause : null
2024-12-10 12:36:29,975 [WARN] PackLoader:240 - Cannot read IP mode file for STMicroelectronics.X-CUBE-EEPRMA1.5.1.0
2024-12-10 12:36:30,001 [WARN] PackLoader:240 - Cannot read IP mode file for wolfSSL.I-CUBE-wolfSSL.5.7.4
2024-12-10 12:36:30,034 [WARN] PackLoader:240 - Cannot read IP mode file for ITTIA_DB.I-CUBE-ITTIADB.8.9.0
2024-12-10 12:36:30,100 [WARN] PackLoader:240 - Cannot read IP mode file for SEGGER.I-CUBE-embOS.1.3.1
2024-12-10 12:36:30,210 [WARN] PackLoader:240 - Cannot read IP mode file for STMicroelectronics.X-CUBE-ALGOBUILD.1.4.0
2024-12-10 12:36:30,249 [WARN] PackLoader:240 - Cannot read IP mode file for STMicroelectronics.X-CUBE-AI.9.1.0
2024-12-10 12:36:30,385 [WARN] PackLoader:240 - Cannot read IP mode file for STMicroelectronics.X-CUBE-GNSS1.6.0.0
2024-12-10 12:36:30,454 [WARN] PackLoader:240 - Cannot read IP mode file for STMicroelectronics.X-CUBE-AZRTOS-F4.1.1.0
2024-12-10 12:36:30,500 [WARN] PackLoader:240 - Cannot read IP mode file for STMicroelectronics.X-CUBE-ISPU.2.1.0
2024-12-10 12:36:30,539 [WARN] PackLoader:240 - Cannot read IP mode file for STMicroelectronics.X-CUBE-FREERTOS.1.2.0
2024-12-10 12:36:30,607 [WARN] PackLoader:240 - Cannot read IP mode file for STMicroelectronics.X-CUBE-AZRTOS-L5.2.0.0
2024-12-10 12:36:30,663 [WARN] PackLoader:240 - Cannot read IP mode file for STMicroelectronics.X-CUBE-NFC6.3.1.0
2024-12-10 12:36:31,521 [WARN] PackLoader:240 - Cannot read IP mode file for STMicroelectronics.X-CUBE-DPower.1.2.0
2024-12-10 12:36:31,659 [WARN] PackLoader:240 - Cannot read IP mode file for STMicroelectronics.X-CUBE-AI.9.0.0
2024-12-10 12:36:31,668 [WARN] PackLoader:240 - Cannot read IP mode file for STMicroelectronics.X-CUBE-FREERTOS.1.3.0
2024-12-10 12:36:31,707 [WARN] PackLoader:240 - Cannot read IP mode file for STMicroelectronics.X-CUBE-NFC7.1.0.1
2024-12-10 12:36:31,747 [WARN] PackLoader:240 - Cannot read IP mode file for wolfSSL.I-CUBE-wolfTPM.3.2.0
2024-12-10 12:36:31,821 [WARN] ConditionMgr:438 - getConditionDescription Invalid condition id : LAN8742 Phy interface Condition cause : null
2024-12-10 12:36:31,823 [WARN] PackLoader:240 - Cannot read IP mode file for STMicroelectronics.X-CUBE-AZRTOS-L4.2.0.0
2024-12-10 12:36:31,824 [WARN] ConditionMgr:1039 - genDependencies : Invalid condition id : LAN8742 Phy interface Condition cause : null
2024-12-10 12:36:31,825 [WARN] ConditionMgr:1039 - genDependencies : Invalid condition id : LAN8742 Phy interface Condition cause : null
2024-12-10 12:36:31,826 [WARN] ConditionMgr:1039 - genDependencies : Invalid condition id : LAN8742 Phy interface Condition cause : null
2024-12-10 12:36:31,839 [WARN] ConditionMgr:438 - getConditionDescription Invalid condition id : LAN8742 Phy interface Condition cause : null
2024-12-10 12:36:32,099 [WARN] PackLoader:240 - Cannot read IP mode file for STMicroelectronics.X-CUBE-SFXS2LP1.4.0.0
2024-12-10 12:36:32,174 [WARN] PackLoader:240 - Cannot read IP mode file for STMicroelectronics.X-CUBE-AZRTOS-H7.3.3.0
2024-12-10 12:36:32,224 [WARN] PackLoader:240 - Cannot read IP mode file for STMicroelectronics.X-CUBE-IPS.3.0.0
2024-12-10 12:36:32,287 [WARN] ConditionMgr:438 - getConditionDescription Invalid condition id : UX DEVICE CLASS RTOS Condition cause : null
2024-12-10 12:36:32,288 [WARN] ConditionMgr:438 - getConditionDescription Invalid condition id : UX DEVICE CLASS RTOS Condition cause : null
2024-12-10 12:36:32,291 [WARN] PackLoader:240 - Cannot read IP mode file for STMicroelectronics.X-CUBE-AZRTOS-WB.2.0.0
2024-12-10 12:36:32,292 [WARN] ConditionMgr:1039 - genDependencies : Invalid condition id : UX DEVICE CLASS RTOS Condition cause : null
2024-12-10 12:36:32,292 [WARN] ConditionMgr:1039 - genDependencies : Invalid condition id : UX DEVICE CLASS RTOS Condition cause : null
2024-12-10 12:36:32,293 [WARN] ConditionMgr:1039 - genDependencies : Invalid condition id : UX DEVICE CLASS RTOS Condition cause : null
2024-12-10 12:36:32,293 [WARN] ConditionMgr:1039 - genDependencies : Invalid condition id : UX DEVICE CLASS RTOS Condition cause : null
2024-12-10 12:36:32,293 [WARN] ConditionMgr:1039 - genDependencies : Invalid condition id : UX DEVICE CLASS RTOS Condition cause : null
2024-12-10 12:36:32,331 [WARN] PackLoader:240 - Cannot read IP mode file for STMicroelectronics.X-CUBE-GNSS1.7.0.0
2024-12-10 12:36:32,373 [WARN] PackLoader:240 - Cannot read IP mode file for STMicroelectronics.FP-SNS-STBOX1.2.0.0
2024-12-10 12:36:32,421 [WARN] PackLoader:240 - Cannot read IP mode file for STMicroelectronics.X-CUBE-SUBG2.5.0.0
2024-12-10 12:36:32,439 [WARN] PackLoader:240 - Cannot read IP mode file for Cesanta.I-CUBE-Mongoose.7.13.0
2024-12-10 12:36:32,496 [WARN] PackLoader:240 - Cannot read IP mode file for STMicroelectronics.X-CUBE-AZRTOS-G4.2.0.0
2024-12-10 12:36:32,532 [WARN] PackLoader:240 - Cannot read IP mode file for STMicroelectronics.X-CUBE-ISPU.2.0.0
2024-12-10 12:36:32,568 [WARN] PackLoader:240 - Cannot read IP mode file for STMicroelectronics.X-CUBE-ALS.1.0.2
2024-12-10 12:36:32,719 [WARN] PackLoader:240 - Cannot read IP mode file for STMicroelectronics.X-CUBE-MEMS1.10.0.0
2024-12-10 12:36:33,096 [WARN] PackLoader:240 - Cannot read IP mode file for STMicroelectronics.X-CUBE-TOUCHGFX.4.24.0
2024-12-10 12:36:33,218 [WARN] PackLoader:240 - Cannot read IP mode file for STMicroelectronics.X-CUBE-TOUCHGFX.4.24.1
2024-12-10 12:36:33,303 [WARN] PackLoader:240 - Cannot read IP mode file for wolfSSL.I-CUBE-wolfTPM.3.4.0
2024-12-10 12:36:33,329 [WARN] PackLoader:240 - Cannot read IP mode file for portGmbH.I-Cube-SoM-uGOAL.1.1.0
2024-12-10 12:36:33,376 [WARN] PackLoader:240 - Cannot read IP mode file for STMicroelectronics.X-CUBE-AZRTOS-H7RS.1.0.0
2024-12-10 12:36:33,403 [WARN] PackLoader:240 - Cannot read IP mode file for STMicroelectronics.FP-ATR-ASTRA1.2.0.0
2024-12-10 12:36:33,437 [WARN] PackLoader:240 - Cannot read IP mode file for STMicroelectronics.X-CUBE-TOF1.3.4.2
2024-12-10 12:36:33,505 [WARN] PackLoader:240 - Cannot read IP mode file for Infineon.AIROC-Wi-Fi-Bluetooth-STM32.1.6.1
2024-12-10 12:36:33,562 [WARN] PackLoader:240 - Cannot read IP mode file for STMicroelectronics.X-CUBE-AZRTOS-H7.3.2.0
2024-12-10 12:36:33,587 [WARN] PackLoader:240 - Cannot read IP mode file for wolfSSL.I-CUBE-wolfSSH.1.4.17
2024-12-10 12:36:33,588 [INFO] ThirdParty:978 - Integrity check success = true
2024-12-10 12:36:33,588 [INFO] IntegrityCheckThread:100 - exiting critical section [integrity check]
2024-12-10 12:36:33,588 [INFO] IntegrityCheckThread:103 - End integrity checks thread
2024-12-10 12:36:33,703 [INFO] Mcu:2032 - Initializing MCU STM32L4R5Z(G-I)Tx STM32L4R5ZITx STM32L4R5ZIT6
2024-12-10 12:36:40,894 [INFO] Context:742 - Trying to add GPIOservice into a context  which must be forbidden
2024-12-10 12:36:42,331 [INFO] RtosManager:555 - Registered RTOS mode: class=CMSIS, group=RTOS, mode=CMSIS_V1, owner=FREERTOS
2024-12-10 12:36:42,331 [INFO] RtosManager:555 - Registered RTOS mode: class=CMSIS, group=RTOS2, mode=CMSIS_V2, owner=FREERTOS
2024-12-10 12:36:42,331 [INFO] RtosManager:555 - Registered RTOS mode: class=RTOS, group=Core, mode=CMSIS_V1, owner=FREERTOS
2024-12-10 12:36:42,331 [INFO] RtosManager:555 - Registered RTOS mode: class=RTOS, group=Core, mode=CMSIS_V2, owner=FREERTOS
2024-12-10 12:36:42,331 [WARN] ModelIntegratedComponent:184 - Missing modes for component STMicroelectronics:FreeRTOS:0.0.1:STMicroelectronics:RTOS:FreeRTOS:Core:::10.2.0:
2024-12-10 12:36:42,360 [WARN] ModelIntegratedComponent:63 - No mode defined for component null
2024-12-10 12:36:42,360 [WARN] ModelIntegratedComponent:63 - No mode defined for component null
2024-12-10 12:36:42,360 [WARN] ModelIntegratedComponent:63 - No mode defined for component null
2024-12-10 12:36:42,360 [WARN] ModelIntegratedComponent:63 - No mode defined for component null
2024-12-10 12:36:42,360 [WARN] ModelIntegratedComponent:63 - No mode defined for component null
2024-12-10 12:36:42,360 [WARN] ModelIntegratedComponent:63 - No mode defined for component null
2024-12-10 12:36:42,360 [WARN] ModelIntegratedComponent:63 - No mode defined for component null
2024-12-10 12:36:42,360 [WARN] ModelIntegratedComponent:63 - No mode defined for component null
2024-12-10 12:36:42,360 [WARN] ModelIntegratedComponent:63 - No mode defined for component null
2024-12-10 12:36:42,360 [WARN] ModelIntegratedComponent:63 - No mode defined for component null
2024-12-10 12:36:42,360 [WARN] ModelIntegratedComponent:63 - No mode defined for component null
2024-12-10 12:36:42,361 [WARN] ModelIntegratedComponent:63 - No mode defined for component null
2024-12-10 12:36:42,361 [WARN] ModelIntegratedComponent:63 - No mode defined for component null
2024-12-10 12:36:42,361 [WARN] ModelIntegratedComponent:63 - No mode defined for component null
2024-12-10 12:36:42,361 [WARN] ModelIntegratedComponent:63 - No mode defined for component null
2024-12-10 12:36:42,361 [WARN] ModelIntegratedComponent:63 - No mode defined for component null
2024-12-10 12:36:42,361 [WARN] ModelIntegratedComponent:63 - No mode defined for component null
2024-12-10 12:36:42,361 [WARN] ModelIntegratedComponent:63 - No mode defined for component null
2024-12-10 12:36:42,361 [WARN] ModelIntegratedComponent:63 - No mode defined for component null
2024-12-10 12:36:42,361 [WARN] ModelIntegratedComponent:63 - No mode defined for component null
2024-12-10 12:36:42,361 [WARN] ModelIntegratedComponent:63 - No mode defined for component null
2024-12-10 12:36:42,361 [WARN] ModelIntegratedComponent:63 - No mode defined for component null
2024-12-10 12:36:42,361 [WARN] ModelIntegratedComponent:63 - No mode defined for component null
2024-12-10 12:36:42,361 [WARN] ModelIntegratedComponent:63 - No mode defined for component null
2024-12-10 12:36:42,362 [WARN] ModelIntegratedComponent:63 - No mode defined for component null
2024-12-10 12:36:42,362 [WARN] ModelIntegratedComponent:63 - No mode defined for component null
2024-12-10 12:36:42,362 [WARN] ModelIntegratedComponent:63 - No mode defined for component null
2024-12-10 12:36:42,362 [WARN] ModelIntegratedComponent:63 - No mode defined for component null
2024-12-10 12:36:42,362 [WARN] ModelIntegratedComponent:63 - No mode defined for component null
2024-12-10 12:36:42,362 [WARN] ModelIntegratedComponent:63 - No mode defined for component null
2024-12-10 12:36:42,362 [WARN] ModelIntegratedComponent:63 - No mode defined for component null
2024-12-10 12:36:42,362 [WARN] ModelIntegratedComponent:63 - No mode defined for component null
2024-12-10 12:36:42,362 [WARN] ModelIntegratedComponent:63 - No mode defined for component null
2024-12-10 12:36:42,362 [WARN] ModelIntegratedComponent:63 - No mode defined for component null
2024-12-10 12:36:42,362 [WARN] ModelIntegratedComponent:63 - No mode defined for component null
2024-12-10 12:36:42,363 [WARN] ModelPack:524 - Component already loaded: STMicroelectronics:HAL Drivers:0.0.0:STMicroelectronics:Device:STMicro_Driver:XSPI:HAL::0.0.1:HAL_XSPI
2024-12-10 12:36:42,539 [INFO] ThirdPartyModel:298 - Start build external matchings
2024-12-10 12:36:43,346 [INFO] ThirdPartyModel:316 - End build external matchings
2024-12-10 12:36:43,376 [INFO] ImportTextPane:205 - (OptionalMessage_ERROR) IP (RCC) : Invalid parameter (48MHZClocksFreq_Value)
2024-12-10 12:36:43,376 [INFO] ImportTextPane:205 - (OptionalMessage_ERROR) IP (RCC) : Invalid parameter (ADC12outputFreq_Value)
2024-12-10 12:36:43,376 [INFO] ImportTextPane:205 - (OptionalMessage_ERROR) IP (RCC) : Invalid parameter (ADC34outputFreq_Value)
2024-12-10 12:36:43,377 [INFO] ImportTextPane:205 - (OptionalMessage_ERROR) IP (RCC) : Invalid parameter (DFSDM2Freq_Value)
2024-12-10 12:36:43,377 [INFO] ImportTextPane:205 - (OptionalMessage_ERROR) IP (RCC) : Invalid parameter (EthernetFreq_Value)
2024-12-10 12:36:43,377 [INFO] ImportTextPane:205 - (OptionalMessage_ERROR) IP (RCC) : Invalid parameter (FMPI2C1Freq_Value)
2024-12-10 12:36:43,377 [INFO] ImportTextPane:205 - (OptionalMessage_ERROR) IP (RCC) : Invalid parameter (FamilyName)
2024-12-10 12:36:43,377 [INFO] ImportTextPane:205 - (OptionalMessage_ERROR) IP (RCC) : Invalid parameter (I2S1Freq_Value)
2024-12-10 12:36:43,377 [INFO] ImportTextPane:205 - (OptionalMessage_ERROR) IP (RCC) : Invalid parameter (I2S2Freq_Value)
2024-12-10 12:36:43,377 [INFO] ImportTextPane:205 - (OptionalMessage_ERROR) IP (RCC) : Invalid parameter (I2SClocksFreq_Value)
2024-12-10 12:36:43,377 [INFO] ImportTextPane:205 - (OptionalMessage_ERROR) IP (RCC) : Invalid parameter (LPTimerFreq_Value)
2024-12-10 12:36:43,377 [INFO] ImportTextPane:205 - (OptionalMessage_ERROR) IP (RCC) : Invalid parameter (MCO2PinFreq_Value)
2024-12-10 12:36:43,377 [INFO] ImportTextPane:205 - (OptionalMessage_ERROR) IP (RCC) : Invalid parameter (MCOFreq_Value)
2024-12-10 12:36:43,377 [INFO] ImportTextPane:205 - (OptionalMessage_ERROR) IP (RCC) : Invalid parameter (PLLCLKFreq_Value)
2024-12-10 12:36:43,377 [INFO] ImportTextPane:205 - (OptionalMessage_ERROR) IP (RCC) : Parameter (PLLDSIVCOFreq_Value) has invalid value (320000000)
2024-12-10 12:36:43,378 [INFO] ImportTextPane:205 - (OptionalMessage_ERROR) IP (RCC) : Invalid parameter (PLLI2SPCLKFreq_Value)
2024-12-10 12:36:43,378 [INFO] ImportTextPane:205 - (OptionalMessage_ERROR) IP (RCC) : Invalid parameter (PLLI2SQCLKFreq_Value)
2024-12-10 12:36:43,378 [INFO] ImportTextPane:205 - (OptionalMessage_ERROR) IP (RCC) : Invalid parameter (PLLI2SQoutputFreq_Value)
2024-12-10 12:36:43,378 [INFO] ImportTextPane:205 - (OptionalMessage_ERROR) IP (RCC) : Invalid parameter (PLLI2SRCLKFreq_Value)
2024-12-10 12:36:43,378 [INFO] ImportTextPane:205 - (OptionalMessage_ERROR) IP (RCC) : Invalid parameter (PLLI2SoutputFreq_Value)
2024-12-10 12:36:43,378 [INFO] ImportTextPane:205 - (OptionalMessage_ERROR) IP (RCC) : Invalid parameter (PLLMCOFreq_Value)
2024-12-10 12:36:43,378 [INFO] ImportTextPane:205 - (OptionalMessage_ERROR) IP (RCC) : Invalid parameter (PLLMUL)
2024-12-10 12:36:43,379 [INFO] ImportTextPane:205 - (OptionalMessage_ERROR) IP (RCC) : Invalid parameter (PLLQCLKFreq_Value)
2024-12-10 12:36:43,379 [INFO] ImportTextPane:205 - (OptionalMessage_ERROR) IP (RCC) : Invalid parameter (PLLRoutputFreq_Value)
2024-12-10 12:36:43,380 [INFO] ImportTextPane:205 - (OptionalMessage_ERROR) IP (RCC) : Invalid parameter (PRESCALERUSB)
2024-12-10 12:36:43,380 [INFO] ImportTextPane:205 - (OptionalMessage_ERROR) IP (RCC) : Invalid parameter (RTCHSEDivFreq_Value)
2024-12-10 12:36:43,380 [INFO] ImportTextPane:205 - (OptionalMessage_ERROR) IP (RCC) : Invalid parameter (SAI1AFreq_Value)
2024-12-10 12:36:43,380 [INFO] ImportTextPane:205 - (OptionalMessage_ERROR) IP (RCC) : Invalid parameter (SAI1BFreq_Value)
2024-12-10 12:36:43,380 [INFO] ImportTextPane:205 - (OptionalMessage_ERROR) IP (RCC) : Invalid parameter (SDIOFreq_Value)
2024-12-10 12:36:43,380 [INFO] ImportTextPane:205 - (OptionalMessage_ERROR) IP (RCC) : Invalid parameter (SYSCLKSourceVirtual)
2024-12-10 12:36:43,380 [INFO] ImportTextPane:205 - (OptionalMessage_ERROR) IP (RCC) : Invalid parameter (TIM15Freq_Value)
2024-12-10 12:36:43,380 [INFO] ImportTextPane:205 - (OptionalMessage_ERROR) IP (RCC) : Invalid parameter (TIM16Freq_Value)
2024-12-10 12:36:43,380 [INFO] ImportTextPane:205 - (OptionalMessage_ERROR) IP (RCC) : Invalid parameter (TIM17Freq_Value)
2024-12-10 12:36:43,380 [INFO] ImportTextPane:205 - (OptionalMessage_ERROR) IP (RCC) : Invalid parameter (TIM1Freq_Value)
2024-12-10 12:36:43,380 [INFO] ImportTextPane:205 - (OptionalMessage_ERROR) IP (RCC) : Invalid parameter (TIM20Freq_Value)
2024-12-10 12:36:43,380 [INFO] ImportTextPane:205 - (OptionalMessage_ERROR) IP (RCC) : Invalid parameter (TIM2Freq_Value)
2024-12-10 12:36:43,380 [INFO] ImportTextPane:205 - (OptionalMessage_ERROR) IP (RCC) : Invalid parameter (TIM3Freq_Value)
2024-12-10 12:36:43,380 [INFO] ImportTextPane:205 - (OptionalMessage_ERROR) IP (RCC) : Invalid parameter (TIM8Freq_Value)
2024-12-10 12:36:43,380 [INFO] ImportTextPane:205 - (OptionalMessage_ERROR) IP (RCC) : Invalid parameter (VCOI2SInputFreq_Value)
2024-12-10 12:36:43,380 [INFO] ImportTextPane:205 - (OptionalMessage_ERROR) IP (RCC) : Invalid parameter (VCOI2SOutputFreq_Value)
2024-12-10 12:36:43,381 [INFO] ImportTextPane:205 - (OptionalMessage_ERROR) IP (RCC) : Invalid parameter (VCOInputMFreq_Value)
2024-12-10 12:36:43,381 [INFO] ImportTextPane:205 - (OptionalMessage_ERROR) IP (RCC) : Invalid parameter (VCOOutput2Freq_Value)
2024-12-10 12:36:43,381 [INFO] ImportTextPane:205 - (OptionalMessage_ERROR) IP (RCC) : Invalid parameter (VcooutputI2S)
2024-12-10 12:36:44,780 [INFO] ApiDb:581 - Connected to CubeFinder SQLite database (C:\Users\lagoeirl\.stmcufinder\plugins\mcufinder\mcu\cube-finder-db.db)
2024-12-10 12:36:44,955 [INFO] ApiDb:668 - CubeFinder database Data Model version=2.1
2024-12-10 12:36:44,955 [INFO] ApiDb:669 - CubeFinder database Configuration version=3.0.39
2024-12-10 12:36:44,957 [INFO] ApiDb:670 - CubeFinder database generation date=2024-11-21 (1732182206)
2024-12-10 12:36:44,957 [INFO] ApiDb:671 - CubeFinder database FW Pack versions=[FP-ATR-ASTRA1_V2.0.0, FP-SNS-FLIGHT1_V5.0.2, FP-SNS-MOTENV1_V5.0.0, FP-SNS-MOTENVWB1_V1.4.0, FP-SNS-SMARTAG2_V1.2.0, FP-SNS-STBOX1_V2.0.0, STM32Cube_FW_C0_V1.3.0, STM32Cube_FW_F4_V1.28.1, STM32Cube_FW_F7_V1.17.2, STM32Cube_FW_G0_V1.6.2, STM32Cube_FW_G4_V1.6.1, STM32Cube_FW_H5_V1.4.0, STM32Cube_FW_H7RS_V1.1.0, STM32Cube_FW_H7_V1.12.0, STM32Cube_FW_L0_V1.12.2, STM32Cube_FW_L4_V1.18.1, STM32Cube_FW_L5_V1.5.1, STM32Cube_FW_N6_V1.0.0, STM32Cube_FW_U0_V1.2.0, STM32Cube_FW_U3_V1.0.0, STM32Cube_FW_U5_V1.7.0, STM32Cube_FW_WB0_V1.1.0, STM32Cube_FW_WBA_V1.5.0, STM32Cube_FW_WB_V1.21.0, STM32Cube_FW_WL3_V1.0.0, STM32Cube_FW_WL_V1.3.0, X-CUBE-ALGOBUILD_V1.4.0, X-CUBE-ALS_V1.0.2, X-CUBE-AZRTOS-F4_V1.1.0, X-CUBE-AZRTOS-F7_V1.1.0, X-CUBE-AZRTOS-G0_V1.1.0, X-CUBE-AZRTOS-G4_V2.0.0, X-CUBE-AZRTOS-H7RS_V1.0.0, X-CUBE-AZRTOS-H7_V3.3.0, X-CUBE-AZRTOS-L4_V2.0.0, X-CUBE-AZRTOS-L5_V2.0.0, X-CUBE-AZRTOS-WB_V2.0.0, X-CUBE-AZRTOS-WL_V2.0.0, X-CUBE-BLE1_V7.0.0, X-CUBE-BLE2_V3.3.0, X-CUBE-BLEMGR_V3.1.0, X-CUBE-EEPRMA1_V5.1.0, X-CUBE-FREERTOS_V1.2.0, X-CUBE-GNSS1_V6.0.0, X-CUBE-MEMS1_V11.0.0, X-CUBE-NFC4_V3.0.0, X-CUBE-NFC7_V1.0.1, X-CUBE-SFXS2LP1_V4.0.0, X-CUBE-SUBG2_V5.0.0, X-CUBE-TOF1_V3.4.2]
2024-12-10 12:36:45,159 [INFO] DbBoardsSqlite:226 - include board P-NUCLEO-WB55-NUCLEO as a kit item of type 'Nucleo-64'
2024-12-10 12:36:45,159 [INFO] DbBoardsSqlite:226 - include board P-NUCLEO-WB55-USBDONGLE as a kit item of type 'Nucleo USB Dongle'
2024-12-10 12:36:45,161 [INFO] DbBoardsSqlite:226 - include board STEVAL-IDP005V1 as a kit item of type 'Evaluation Board'
2024-12-10 12:36:45,161 [INFO] DbBoardsSqlite:226 - include board STEVAL-IDP005V2 as a kit item of type 'Evaluation Board'
2024-12-10 12:36:45,645 [INFO] ApiDb:240 - Found 646 in-development CPN: [B-G473E-ZEST1S, B-WB1M-WPAN1, B-WL5M-SUBG1, NUCLEO-C031C6, NUCLEO-C071RB, NUCLEO-H503RB, NUCLEO-H533RE, NUCLEO-H563ZI, NUCLEO-H7S3L8, NUCLEO-U031R8, NUCLEO-U083RC, NUCLEO-U545RE-Q, NUCLEO-U5A5ZJ-Q, NUCLEO-WB05KZ, NUCLEO-WB07CC, NUCLEO-WB09KE, NUCLEO-WBA52CG, NUCLEO-WBA55CG, STEVAL-PROTEUS1, STEVAL-SMARTAG2, STEVAL-STWINBX1, STM320518-EVAL, STM32C0116-DK, STM32C011D6Y3TR, STM32C011D6Y6TR, STM32C011F4P3, STM32C011F4P6, STM32C011F4U3, STM32C011F4U6TR, STM32C011F6P3, STM32C011F6P6, STM32C011F6U3, STM32C011F6U6TR, STM32C011J4M3, STM32C011J4M6, STM32C011J6M3, STM32C011J6M6, STM32C0316-DK, STM32C031C4T3, STM32C031C4T6, STM32C031C4U3, STM32C031C4U6, STM32C031C6T3, STM32C031C6T6, STM32C031C6U3, STM32C031C6U6, STM32C031F4P3, STM32C031F4P6, STM32C031F6P3, STM32C031F6P6, STM32C031G4U3, STM32C031G4U6, STM32C031G6U3, STM32C031G6U6, STM32C031K4T3, STM32C031K4T6, STM32C031K4U3, STM32C031K4U6, STM32C031K6T3, STM32C031K6T6, STM32C031K6U3, STM32C031K6U6, STM32C071C8T6, STM32C071C8T6N, STM32C071C8U6, STM32C071C8U6N, STM32C071CBT6, STM32C071CBT6N, STM32C071CBU6, STM32C071CBU6N, STM32C071F8P6, STM32C071F8P6N, STM32C071FBP6, STM32C071FBP6N, STM32C071FBY6TR, STM32C071G8U6, STM32C071G8U6N, STM32C071GBU6, STM32C071GBU6N, STM32C071K8T6, STM32C071K8T6N, STM32C071K8U6, STM32C071K8U6N, STM32C071KBT6, STM32C071KBT6N, STM32C071KBU6, STM32C071KBU6N, STM32C071R8T6, STM32C071R8T6N, STM32C071RBI6N, STM32C071RBT6, STM32C071RBT6N, STM32G071K8TXN, STM32G071K8UXN, STM32G081GBU6N, STM32G081KBT6N, STM32G081KBUXN, STM32G0B1CCT6N, STM32G0B1KCT6, STM32G0B1NEY6TR, STM32G0B1RCT6N, STM32G0C1CCT6, STM32G0C1CCT6N, STM32G0C1CCU6N, STM32G0C1CET6N, STM32G0C1CEU6N, STM32G0C1KCT6, STM32G0C1NEY6TR, STM32G0C1RCI6N, STM32G0C1RCT6N, STM32G0C1REI6N, STM32G0C1RET6N, STM32G0C1VCI6, STM32G0C1VEI6, STM32G411C6T3, STM32G411C6T6, STM32G411C6U3, STM32G411C6U6, STM32G411C8T3, STM32G411C8T6, STM32G411C8U3, STM32G411C8U6, STM32G411CBT3, STM32G411CBT6, STM32G411CBU3, STM32G411CBU6, STM32G411K6T3, STM32G411K6T6, STM32G411K6U3, STM32G411K6U6, STM32G411K8T3, STM32G411K8T6, STM32G411K8U3, STM32G411K8U6, STM32G411KBT3, STM32G411KBT6, STM32G411KBU3, STM32G411KBU6, STM32G411M6T3, STM32G411M6T6, STM32G411M8T3, STM32G411M8T6, STM32G411MBT3, STM32G411MBT6, STM32G411R6T3, STM32G411R6T6, STM32G411R8T3, STM32G411R8T6, STM32G411RBT3, STM32G411RBT6, STM32G414CBT3, STM32G414CBT6, STM32G414CBU3, STM32G414CBU6, STM32G414CCT3, STM32G414CCT6, STM32G414CCU3, STM32G414CCU6, STM32G414MBT3, STM32G414MBT6, STM32G414MCT3, STM32G414MCT6, STM32G414RBT3, STM32G414RBT6, STM32G414RCT3, STM32G414RCT6, STM32G414VBT3, STM32G414VBT6, STM32G414VCT3, STM32G414VCT6, STM32G431CBT3Z, STM32G431RBT3Z, STM32G471CCT6, STM32G471CCU6, STM32G471CET3, STM32G471CET6, STM32G471CEU3, STM32G471CEU6, STM32G471MCT6, STM32G471MET3, STM32G471MET6, STM32G471MEY6TR, STM32G471QCT6, STM32G471QET3, STM32G471RCT6, STM32G471RET3, STM32G471RET6, STM32G471VCH6, STM32G471VCI6, STM32G471VCT6, STM32G471VEH3, STM32G471VEH6, STM32G471VEI3, STM32G471VEI6, STM32G471VET3, STM32G471VET6, STM32G473QET3Z, STM32G473RET3Z, STM32G474CCT6, STM32G491RET3Z, STM32H503CBT6, STM32H503CBU6, STM32H503EBY6TR, STM32H503KBU6, STM32H503RBT6, STM32H523CCT6, STM32H523CCU6, STM32H523CET6, STM32H523CEU6, STM32H523HEY6TR, STM32H523RCT6, STM32H523RET6, STM32H523VCI6, STM32H523VCT6, STM32H523VEI6, STM32H523VET6, STM32H523ZCJ6, STM32H523ZCT6, STM32H523ZEJ6, STM32H523ZET6, STM32H533CET6, STM32H533CEU6, STM32H533HEY6TR, STM32H533RET6, STM32H533VEI6, STM32H533VET6, STM32H533ZEJ6, STM32H533ZET6, STM32H562AGI6, STM32H562AII6, STM32H562IGK6, STM32H562IGT6, STM32H562IIK6, STM32H562IIT6, STM32H562RGT6, STM32H562RGV6, STM32H562RIT6, STM32H562RIV6, STM32H562VGT6, STM32H562VIT6, STM32H562ZGT6, STM32H562ZIT6, STM32H563AGI6, STM32H563AII3Q, STM32H563AII6, STM32H563IGK6, STM32H563IGT6, STM32H563IIK3Q, STM32H563IIK6, STM32H563IIT3Q, STM32H563IIT6, STM32H563MIY3QTR, STM32H563RGT6, STM32H563RGV6, STM32H563RIT6, STM32H563RIV6, STM32H563VGT6, STM32H563VIT3Q, STM32H563VIT6, STM32H563ZGT6, STM32H563ZIT3Q, STM32H563ZIT6, STM32H573AII3Q, STM32H573AII6, STM32H573I-DK, STM32H573IIK3Q, STM32H573IIK6, STM32H573IIT3Q, STM32H573IIT6, STM32H573MIY3QTR, STM32H573RIT6, STM32H573RIV6, STM32H573VIT3Q, STM32H573VIT6, STM32H573ZIT3Q, STM32H573ZIT6, STM32H7R3A8I6, STM32H7R3I8K6, STM32H7R3I8T6, STM32H7R3L8H6, STM32H7R3L8H6H, STM32H7R3R8V6, STM32H7R3V8H6, STM32H7R3V8T6, STM32H7R3V8Y6TR, STM32H7R3Z8J6, STM32H7R3Z8T6, STM32H7R7A8I6, STM32H7R7I8K6, STM32H7R7I8T6, STM32H7R7L8H6, STM32H7R7L8H6H, STM32H7R7Z8J6, STM32H7S3A8I6, STM32H7S3I8K6, STM32H7S3I8T6, STM32H7S3L8H6, STM32H7S3L8H6H, STM32H7S3R8V6, STM32H7S3V8H6, STM32H7S3V8T6, STM32H7S3V8Y6TR, STM32H7S3Z8J6, STM32H7S3Z8T6, STM32H7S78-DK, STM32H7S7A8I6, STM32H7S7I8K6, STM32H7S7I8T6, STM32H7S7L8H6, STM32H7S7L8H6H, STM32H7S7Z8J6, STM32L4R5QGI6STR, STM32MP131AAE3, STM32MP131AAF3, STM32MP131AAG3, STM32MP131CAE3, STM32MP131CAF3, STM32MP131CAG3, STM32MP131DAE7, STM32MP131DAF7, STM32MP131DAG7, STM32MP131FAE7, STM32MP131FAF7, STM32MP131FAG7, STM32MP133AAE3, STM32MP133AAF3, STM32MP133AAG3, STM32MP133CAE3, STM32MP133CAF3, STM32MP133CAG3, STM32MP133DAE7, STM32MP133DAF7, STM32MP133DAG7, STM32MP133FAE7, STM32MP133FAF7, STM32MP133FAG7, STM32MP135AAE3, STM32MP135AAF3, STM32MP135AAG3, STM32MP135CAE3, STM32MP135CAF3, STM32MP135CAG3, STM32MP135DAE7, STM32MP135DAF7, STM32MP135DAG7, STM32MP135F-DK, STM32MP135FAE7, STM32MP135FAF7, STM32MP135FAF7T, STM32MP135FAF7U, STM32MP135FAG7, STM32MP251AAI3, STM32MP251AAK3, STM32MP251AAL3, STM32MP251CAI3, STM32MP251CAK3, STM32MP251CAL3, STM32MP251DAI3, STM32MP251DAK3, STM32MP251DAL3, STM32MP251FAI3, STM32MP251FAK3, STM32MP251FAL3, STM32MP253AAI3, STM32MP253AAK3, STM32MP253AAL3, STM32MP253CAI3, STM32MP253CAK3, STM32MP253CAL3, STM32MP253DAI3, STM32MP253DAK3, STM32MP253DAL3, STM32MP253FAI3, STM32MP253FAK3, STM32MP253FAL3, STM32MP255AAI3, STM32MP255AAK3, STM32MP255AAL3, STM32MP255CAI3, STM32MP255CAK3, STM32MP255CAL3, STM32MP255DAI3, STM32MP255DAK3, STM32MP255DAL3, STM32MP255FAI3, STM32MP255FAK3, STM32MP255FAL3, STM32MP257AAI3, STM32MP257AAK3, STM32MP257AAL3, STM32MP257CAI3, STM32MP257CAK3, STM32MP257CAL3, STM32MP257DAI3, STM32MP257DAK3, STM32MP257DAL3, STM32MP257F-DK, STM32MP257F-EV1, STM32MP257FAI3, STM32MP257FAK3, STM32MP257FAL3, STM32U031C6T6, STM32U031C6U6, STM32U031C8T6, STM32U031C8U6, STM32U031F4P6, STM32U031F6P6, STM32U031F8P6, STM32U031G6Y6TR, STM32U031G8Y6TR, STM32U031K4U6, STM32U031K6U6, STM32U031K8U6, STM32U031R6I6, STM32U031R6T6, STM32U031R8I6, STM32U031R8T6, STM32U073C8T6, STM32U073C8U6, STM32U073CBT6, STM32U073CBU6, STM32U073CCT6, STM32U073CCU6, STM32U073H8Y6TR, STM32U073HBY6TR, STM32U073HCY6TR, STM32U073K8U6, STM32U073KBU6, STM32U073KCU6, STM32U073M8I6, STM32U073M8T6, STM32U073MBI6, STM32U073MBT6, STM32U073MCI6, STM32U073MCT6, STM32U073R8I6, STM32U073R8T6, STM32U073RBI6, STM32U073RBT6, STM32U073RCI6, STM32U073RCT6, STM32U083C-DK, STM32U083CCT6, STM32U083CCU6, STM32U083HCY6TR, STM32U083KCU6, STM32U083MCI6, STM32U083MCT6, STM32U083RCI6, STM32U083RCT6, STM32U535CBT6, STM32U535CBT6Q, STM32U535CBU6, STM32U535CBU6Q, STM32U535CCT6, STM32U535CCT6Q, STM32U535CCU6, STM32U535CCU6Q, STM32U535CET6, STM32U535CET6Q, STM32U535CEU6, STM32U535CEU6Q, STM32U535JEY6QTR, STM32U535NCY6QTR, STM32U535NEY6QTR, STM32U535RBI6, STM32U535RBI6Q, STM32U535RBT6, STM32U535RBT6Q, STM32U535RCI6, STM32U535RCI6Q, STM32U535RCT6, STM32U535RCT6Q, STM32U535REI6, STM32U535REI6Q, STM32U535RET6, STM32U535RET6Q, STM32U535VCI6, STM32U535VCI6Q, STM32U535VCT6, STM32U535VCT6Q, STM32U535VEI6, STM32U535VEI6Q, STM32U535VET6, STM32U535VET6Q, STM32U545CET6, STM32U545CET6Q, STM32U545CEU6, STM32U545CEU6Q, STM32U545JEY6QTR, STM32U545NEY6QTR, STM32U545REI6, STM32U545REI6Q, STM32U545RET6, STM32U545RET6Q, STM32U545VEI6, STM32U545VEI6Q, STM32U545VET6, STM32U545VET6Q, STM32U595AIH6, STM32U595AIH6Q, STM32U595AJH6, STM32U595AJH6Q, STM32U595QII6, STM32U595QII6Q, STM32U595QJI6, STM32U595QJI6Q, STM32U595RIT6, STM32U595RIT6Q, STM32U595RJT6, STM32U595RJT6Q, STM32U595VIT6, STM32U595VIT6Q, STM32U595VJT6, STM32U595VJT6Q, STM32U595ZIT6, STM32U595ZIT6Q, STM32U595ZIY6QTR, STM32U595ZJT6, STM32U595ZJT6Q, STM32U595ZJY6QTR, STM32U599BJY6QTR, STM32U599NIH6Q, STM32U599NJH6Q, STM32U599VIT6Q, STM32U599VJT6, STM32U599VJT6Q, STM32U599ZIT6Q, STM32U599ZIY6QTR, STM32U599ZJT6Q, STM32U599ZJY6QTR, STM32U5A5AJH6, STM32U5A5AJH6Q, STM32U5A5QII3Q , STM32U5A5QJI6, STM32U5A5QJI6Q, STM32U5A5RJT6, STM32U5A5RJT6Q, STM32U5A5VJT6, STM32U5A5VJT6Q, STM32U5A5ZJT6, STM32U5A5ZJT6Q, STM32U5A5ZJY6QTR, STM32U5A9BJY6QTR, STM32U5A9J-DK, STM32U5A9NJH6Q, STM32U5A9VJT6Q, STM32U5A9ZJT6Q, STM32U5A9ZJY6QTR, STM32U5F7VIT6, STM32U5F7VIT6Q, STM32U5F7VJT6, STM32U5F7VJT6Q, STM32U5F9BJY6QTR, STM32U5F9NJH6Q, STM32U5F9VIT6Q, STM32U5F9VJT6Q, STM32U5F9ZIJ6QTR, STM32U5F9ZIT6Q, STM32U5F9ZJJ6QTR, STM32U5F9ZJT6Q, STM32U5G7VJT6, STM32U5G7VJT6Q, STM32U5G9BJY6QTR, STM32U5G9J-DK1, STM32U5G9J-DK2, STM32U5G9NJH6Q, STM32U5G9VJT6Q, STM32U5G9ZJJ6QTR, STM32U5G9ZJT6Q, STM32WB05KZV6TR, STM32WB05KZV7TR, STM32WB05TZF6TR, STM32WB05TZF7TR, STM32WB06CCF6TR, STM32WB06CCF7TR, STM32WB06CCV6TR, STM32WB06CCV7TR, STM32WB06KCV6TR, STM32WB06KCV7TR, STM32WB07CCF6TR, STM32WB07CCF7TR, STM32WB07CCV6TR, STM32WB07CCV7TR, STM32WB07KCV6TR, STM32WB07KCV7TR, STM32WB09KEV6TR, STM32WB09KEV7TR, STM32WB09TEF6TR, STM32WB09TEF7TR, STM32WB1MMCH6, STM32WBA50KGU6, STM32WBA50KGU6TR, STM32WBA52CEU6, STM32WBA52CEU6TR, STM32WBA52CEU7, STM32WBA52CEU7TR, STM32WBA52CGU6, STM32WBA52CGU6TR, STM32WBA52CGU6U, STM32WBA52CGU7, STM32WBA52CGU7TR, STM32WBA52KEU6, STM32WBA52KEU6TR, STM32WBA52KGU6, STM32WBA52KGU6TR, STM32WBA54CEU6, STM32WBA54CEU6TR, STM32WBA54CEU7, STM32WBA54CEU7TR, STM32WBA54CGU6, STM32WBA54CGU6TR, STM32WBA54CGU7, STM32WBA54CGU7TR, STM32WBA54KEU6, STM32WBA54KEU6TR, STM32WBA54KEU7, STM32WBA54KEU7TR, STM32WBA54KGU6, STM32WBA54KGU6TR, STM32WBA54KGU7, STM32WBA54KGU7TR, STM32WBA55CEU6, STM32WBA55CEU6TR, STM32WBA55CEU7, STM32WBA55CEU7TR, STM32WBA55CGU6, STM32WBA55CGU6TR, STM32WBA55CGU6U, STM32WBA55CGU7, STM32WBA55CGU7TR, STM32WBA55G-DK1, STM32WBA55HEF6, STM32WBA55HEF7, STM32WBA55HGF6, STM32WBA55HGF7, STM32WBA55UEI6, STM32WBA55UEI6TR, STM32WBA55UEI7, STM32WBA55UEI7TR, STM32WBA55UGI6, STM32WBA55UGI6TR, STM32WBA55UGI7, STM32WBA55UGI7TR, STM32WL5MOCH6, STM32WL5MOCH6TR]
2024-12-10 12:36:45,655 [INFO] ApiDb:668 - CubeFinder database Data Model version=2.1
2024-12-10 12:36:45,655 [INFO] ApiDb:669 - CubeFinder database Configuration version=3.0.39
2024-12-10 12:36:45,655 [INFO] ApiDb:670 - CubeFinder database generation date=2024-11-21 (1732182206)
2024-12-10 12:36:45,655 [INFO] ApiDb:671 - CubeFinder database FW Pack versions=[FP-ATR-ASTRA1_V2.0.0, FP-SNS-FLIGHT1_V5.0.2, FP-SNS-MOTENV1_V5.0.0, FP-SNS-MOTENVWB1_V1.4.0, FP-SNS-SMARTAG2_V1.2.0, FP-SNS-STBOX1_V2.0.0, STM32Cube_FW_C0_V1.3.0, STM32Cube_FW_F4_V1.28.1, STM32Cube_FW_F7_V1.17.2, STM32Cube_FW_G0_V1.6.2, STM32Cube_FW_G4_V1.6.1, STM32Cube_FW_H5_V1.4.0, STM32Cube_FW_H7RS_V1.1.0, STM32Cube_FW_H7_V1.12.0, STM32Cube_FW_L0_V1.12.2, STM32Cube_FW_L4_V1.18.1, STM32Cube_FW_L5_V1.5.1, STM32Cube_FW_N6_V1.0.0, STM32Cube_FW_U0_V1.2.0, STM32Cube_FW_U3_V1.0.0, STM32Cube_FW_U5_V1.7.0, STM32Cube_FW_WB0_V1.1.0, STM32Cube_FW_WBA_V1.5.0, STM32Cube_FW_WB_V1.21.0, STM32Cube_FW_WL3_V1.0.0, STM32Cube_FW_WL_V1.3.0, X-CUBE-ALGOBUILD_V1.4.0, X-CUBE-ALS_V1.0.2, X-CUBE-AZRTOS-F4_V1.1.0, X-CUBE-AZRTOS-F7_V1.1.0, X-CUBE-AZRTOS-G0_V1.1.0, X-CUBE-AZRTOS-G4_V2.0.0, X-CUBE-AZRTOS-H7RS_V1.0.0, X-CUBE-AZRTOS-H7_V3.3.0, X-CUBE-AZRTOS-L4_V2.0.0, X-CUBE-AZRTOS-L5_V2.0.0, X-CUBE-AZRTOS-WB_V2.0.0, X-CUBE-AZRTOS-WL_V2.0.0, X-CUBE-BLE1_V7.0.0, X-CUBE-BLE2_V3.3.0, X-CUBE-BLEMGR_V3.1.0, X-CUBE-EEPRMA1_V5.1.0, X-CUBE-FREERTOS_V1.2.0, X-CUBE-GNSS1_V6.0.0, X-CUBE-MEMS1_V11.0.0, X-CUBE-NFC4_V3.0.0, X-CUBE-NFC7_V1.0.1, X-CUBE-SFXS2LP1_V4.0.0, X-CUBE-SUBG2_V5.0.0, X-CUBE-TOF1_V3.4.2]
2024-12-10 12:36:48,356 [INFO] ApiDb:240 - Found 646 in-development CPN: [B-G473E-ZEST1S, B-WB1M-WPAN1, B-WL5M-SUBG1, NUCLEO-C031C6, NUCLEO-C071RB, NUCLEO-H503RB, NUCLEO-H533RE, NUCLEO-H563ZI, NUCLEO-H7S3L8, NUCLEO-U031R8, NUCLEO-U083RC, NUCLEO-U545RE-Q, NUCLEO-U5A5ZJ-Q, NUCLEO-WB05KZ, NUCLEO-WB07CC, NUCLEO-WB09KE, NUCLEO-WBA52CG, NUCLEO-WBA55CG, STEVAL-PROTEUS1, STEVAL-SMARTAG2, STEVAL-STWINBX1, STM320518-EVAL, STM32C0116-DK, STM32C011D6Y3TR, STM32C011D6Y6TR, STM32C011F4P3, STM32C011F4P6, STM32C011F4U3, STM32C011F4U6TR, STM32C011F6P3, STM32C011F6P6, STM32C011F6U3, STM32C011F6U6TR, STM32C011J4M3, STM32C011J4M6, STM32C011J6M3, STM32C011J6M6, STM32C0316-DK, STM32C031C4T3, STM32C031C4T6, STM32C031C4U3, STM32C031C4U6, STM32C031C6T3, STM32C031C6T6, STM32C031C6U3, STM32C031C6U6, STM32C031F4P3, STM32C031F4P6, STM32C031F6P3, STM32C031F6P6, STM32C031G4U3, STM32C031G4U6, STM32C031G6U3, STM32C031G6U6, STM32C031K4T3, STM32C031K4T6, STM32C031K4U3, STM32C031K4U6, STM32C031K6T3, STM32C031K6T6, STM32C031K6U3, STM32C031K6U6, STM32C071C8T6, STM32C071C8T6N, STM32C071C8U6, STM32C071C8U6N, STM32C071CBT6, STM32C071CBT6N, STM32C071CBU6, STM32C071CBU6N, STM32C071F8P6, STM32C071F8P6N, STM32C071FBP6, STM32C071FBP6N, STM32C071FBY6TR, STM32C071G8U6, STM32C071G8U6N, STM32C071GBU6, STM32C071GBU6N, STM32C071K8T6, STM32C071K8T6N, STM32C071K8U6, STM32C071K8U6N, STM32C071KBT6, STM32C071KBT6N, STM32C071KBU6, STM32C071KBU6N, STM32C071R8T6, STM32C071R8T6N, STM32C071RBI6N, STM32C071RBT6, STM32C071RBT6N, STM32G071K8TXN, STM32G071K8UXN, STM32G081GBU6N, STM32G081KBT6N, STM32G081KBUXN, STM32G0B1CCT6N, STM32G0B1KCT6, STM32G0B1NEY6TR, STM32G0B1RCT6N, STM32G0C1CCT6, STM32G0C1CCT6N, STM32G0C1CCU6N, STM32G0C1CET6N, STM32G0C1CEU6N, STM32G0C1KCT6, STM32G0C1NEY6TR, STM32G0C1RCI6N, STM32G0C1RCT6N, STM32G0C1REI6N, STM32G0C1RET6N, STM32G0C1VCI6, STM32G0C1VEI6, STM32G411C6T3, STM32G411C6T6, STM32G411C6U3, STM32G411C6U6, STM32G411C8T3, STM32G411C8T6, STM32G411C8U3, STM32G411C8U6, STM32G411CBT3, STM32G411CBT6, STM32G411CBU3, STM32G411CBU6, STM32G411K6T3, STM32G411K6T6, STM32G411K6U3, STM32G411K6U6, STM32G411K8T3, STM32G411K8T6, STM32G411K8U3, STM32G411K8U6, STM32G411KBT3, STM32G411KBT6, STM32G411KBU3, STM32G411KBU6, STM32G411M6T3, STM32G411M6T6, STM32G411M8T3, STM32G411M8T6, STM32G411MBT3, STM32G411MBT6, STM32G411R6T3, STM32G411R6T6, STM32G411R8T3, STM32G411R8T6, STM32G411RBT3, STM32G411RBT6, STM32G414CBT3, STM32G414CBT6, STM32G414CBU3, STM32G414CBU6, STM32G414CCT3, STM32G414CCT6, STM32G414CCU3, STM32G414CCU6, STM32G414MBT3, STM32G414MBT6, STM32G414MCT3, STM32G414MCT6, STM32G414RBT3, STM32G414RBT6, STM32G414RCT3, STM32G414RCT6, STM32G414VBT3, STM32G414VBT6, STM32G414VCT3, STM32G414VCT6, STM32G431CBT3Z, STM32G431RBT3Z, STM32G471CCT6, STM32G471CCU6, STM32G471CET3, STM32G471CET6, STM32G471CEU3, STM32G471CEU6, STM32G471MCT6, STM32G471MET3, STM32G471MET6, STM32G471MEY6TR, STM32G471QCT6, STM32G471QET3, STM32G471RCT6, STM32G471RET3, STM32G471RET6, STM32G471VCH6, STM32G471VCI6, STM32G471VCT6, STM32G471VEH3, STM32G471VEH6, STM32G471VEI3, STM32G471VEI6, STM32G471VET3, STM32G471VET6, STM32G473QET3Z, STM32G473RET3Z, STM32G474CCT6, STM32G491RET3Z, STM32H503CBT6, STM32H503CBU6, STM32H503EBY6TR, STM32H503KBU6, STM32H503RBT6, STM32H523CCT6, STM32H523CCU6, STM32H523CET6, STM32H523CEU6, STM32H523HEY6TR, STM32H523RCT6, STM32H523RET6, STM32H523VCI6, STM32H523VCT6, STM32H523VEI6, STM32H523VET6, STM32H523ZCJ6, STM32H523ZCT6, STM32H523ZEJ6, STM32H523ZET6, STM32H533CET6, STM32H533CEU6, STM32H533HEY6TR, STM32H533RET6, STM32H533VEI6, STM32H533VET6, STM32H533ZEJ6, STM32H533ZET6, STM32H562AGI6, STM32H562AII6, STM32H562IGK6, STM32H562IGT6, STM32H562IIK6, STM32H562IIT6, STM32H562RGT6, STM32H562RGV6, STM32H562RIT6, STM32H562RIV6, STM32H562VGT6, STM32H562VIT6, STM32H562ZGT6, STM32H562ZIT6, STM32H563AGI6, STM32H563AII3Q, STM32H563AII6, STM32H563IGK6, STM32H563IGT6, STM32H563IIK3Q, STM32H563IIK6, STM32H563IIT3Q, STM32H563IIT6, STM32H563MIY3QTR, STM32H563RGT6, STM32H563RGV6, STM32H563RIT6, STM32H563RIV6, STM32H563VGT6, STM32H563VIT3Q, STM32H563VIT6, STM32H563ZGT6, STM32H563ZIT3Q, STM32H563ZIT6, STM32H573AII3Q, STM32H573AII6, STM32H573I-DK, STM32H573IIK3Q, STM32H573IIK6, STM32H573IIT3Q, STM32H573IIT6, STM32H573MIY3QTR, STM32H573RIT6, STM32H573RIV6, STM32H573VIT3Q, STM32H573VIT6, STM32H573ZIT3Q, STM32H573ZIT6, STM32H7R3A8I6, STM32H7R3I8K6, STM32H7R3I8T6, STM32H7R3L8H6, STM32H7R3L8H6H, STM32H7R3R8V6, STM32H7R3V8H6, STM32H7R3V8T6, STM32H7R3V8Y6TR, STM32H7R3Z8J6, STM32H7R3Z8T6, STM32H7R7A8I6, STM32H7R7I8K6, STM32H7R7I8T6, STM32H7R7L8H6, STM32H7R7L8H6H, STM32H7R7Z8J6, STM32H7S3A8I6, STM32H7S3I8K6, STM32H7S3I8T6, STM32H7S3L8H6, STM32H7S3L8H6H, STM32H7S3R8V6, STM32H7S3V8H6, STM32H7S3V8T6, STM32H7S3V8Y6TR, STM32H7S3Z8J6, STM32H7S3Z8T6, STM32H7S78-DK, STM32H7S7A8I6, STM32H7S7I8K6, STM32H7S7I8T6, STM32H7S7L8H6, STM32H7S7L8H6H, STM32H7S7Z8J6, STM32L4R5QGI6STR, STM32MP131AAE3, STM32MP131AAF3, STM32MP131AAG3, STM32MP131CAE3, STM32MP131CAF3, STM32MP131CAG3, STM32MP131DAE7, STM32MP131DAF7, STM32MP131DAG7, STM32MP131FAE7, STM32MP131FAF7, STM32MP131FAG7, STM32MP133AAE3, STM32MP133AAF3, STM32MP133AAG3, STM32MP133CAE3, STM32MP133CAF3, STM32MP133CAG3, STM32MP133DAE7, STM32MP133DAF7, STM32MP133DAG7, STM32MP133FAE7, STM32MP133FAF7, STM32MP133FAG7, STM32MP135AAE3, STM32MP135AAF3, STM32MP135AAG3, STM32MP135CAE3, STM32MP135CAF3, STM32MP135CAG3, STM32MP135DAE7, STM32MP135DAF7, STM32MP135DAG7, STM32MP135F-DK, STM32MP135FAE7, STM32MP135FAF7, STM32MP135FAF7T, STM32MP135FAF7U, STM32MP135FAG7, STM32MP251AAI3, STM32MP251AAK3, STM32MP251AAL3, STM32MP251CAI3, STM32MP251CAK3, STM32MP251CAL3, STM32MP251DAI3, STM32MP251DAK3, STM32MP251DAL3, STM32MP251FAI3, STM32MP251FAK3, STM32MP251FAL3, STM32MP253AAI3, STM32MP253AAK3, STM32MP253AAL3, STM32MP253CAI3, STM32MP253CAK3, STM32MP253CAL3, STM32MP253DAI3, STM32MP253DAK3, STM32MP253DAL3, STM32MP253FAI3, STM32MP253FAK3, STM32MP253FAL3, STM32MP255AAI3, STM32MP255AAK3, STM32MP255AAL3, STM32MP255CAI3, STM32MP255CAK3, STM32MP255CAL3, STM32MP255DAI3, STM32MP255DAK3, STM32MP255DAL3, STM32MP255FAI3, STM32MP255FAK3, STM32MP255FAL3, STM32MP257AAI3, STM32MP257AAK3, STM32MP257AAL3, STM32MP257CAI3, STM32MP257CAK3, STM32MP257CAL3, STM32MP257DAI3, STM32MP257DAK3, STM32MP257DAL3, STM32MP257F-DK, STM32MP257F-EV1, STM32MP257FAI3, STM32MP257FAK3, STM32MP257FAL3, STM32U031C6T6, STM32U031C6U6, STM32U031C8T6, STM32U031C8U6, STM32U031F4P6, STM32U031F6P6, STM32U031F8P6, STM32U031G6Y6TR, STM32U031G8Y6TR, STM32U031K4U6, STM32U031K6U6, STM32U031K8U6, STM32U031R6I6, STM32U031R6T6, STM32U031R8I6, STM32U031R8T6, STM32U073C8T6, STM32U073C8U6, STM32U073CBT6, STM32U073CBU6, STM32U073CCT6, STM32U073CCU6, STM32U073H8Y6TR, STM32U073HBY6TR, STM32U073HCY6TR, STM32U073K8U6, STM32U073KBU6, STM32U073KCU6, STM32U073M8I6, STM32U073M8T6, STM32U073MBI6, STM32U073MBT6, STM32U073MCI6, STM32U073MCT6, STM32U073R8I6, STM32U073R8T6, STM32U073RBI6, STM32U073RBT6, STM32U073RCI6, STM32U073RCT6, STM32U083C-DK, STM32U083CCT6, STM32U083CCU6, STM32U083HCY6TR, STM32U083KCU6, STM32U083MCI6, STM32U083MCT6, STM32U083RCI6, STM32U083RCT6, STM32U535CBT6, STM32U535CBT6Q, STM32U535CBU6, STM32U535CBU6Q, STM32U535CCT6, STM32U535CCT6Q, STM32U535CCU6, STM32U535CCU6Q, STM32U535CET6, STM32U535CET6Q, STM32U535CEU6, STM32U535CEU6Q, STM32U535JEY6QTR, STM32U535NCY6QTR, STM32U535NEY6QTR, STM32U535RBI6, STM32U535RBI6Q, STM32U535RBT6, STM32U535RBT6Q, STM32U535RCI6, STM32U535RCI6Q, STM32U535RCT6, STM32U535RCT6Q, STM32U535REI6, STM32U535REI6Q, STM32U535RET6, STM32U535RET6Q, STM32U535VCI6, STM32U535VCI6Q, STM32U535VCT6, STM32U535VCT6Q, STM32U535VEI6, STM32U535VEI6Q, STM32U535VET6, STM32U535VET6Q, STM32U545CET6, STM32U545CET6Q, STM32U545CEU6, STM32U545CEU6Q, STM32U545JEY6QTR, STM32U545NEY6QTR, STM32U545REI6, STM32U545REI6Q, STM32U545RET6, STM32U545RET6Q, STM32U545VEI6, STM32U545VEI6Q, STM32U545VET6, STM32U545VET6Q, STM32U595AIH6, STM32U595AIH6Q, STM32U595AJH6, STM32U595AJH6Q, STM32U595QII6, STM32U595QII6Q, STM32U595QJI6, STM32U595QJI6Q, STM32U595RIT6, STM32U595RIT6Q, STM32U595RJT6, STM32U595RJT6Q, STM32U595VIT6, STM32U595VIT6Q, STM32U595VJT6, STM32U595VJT6Q, STM32U595ZIT6, STM32U595ZIT6Q, STM32U595ZIY6QTR, STM32U595ZJT6, STM32U595ZJT6Q, STM32U595ZJY6QTR, STM32U599BJY6QTR, STM32U599NIH6Q, STM32U599NJH6Q, STM32U599VIT6Q, STM32U599VJT6, STM32U599VJT6Q, STM32U599ZIT6Q, STM32U599ZIY6QTR, STM32U599ZJT6Q, STM32U599ZJY6QTR, STM32U5A5AJH6, STM32U5A5AJH6Q, STM32U5A5QII3Q , STM32U5A5QJI6, STM32U5A5QJI6Q, STM32U5A5RJT6, STM32U5A5RJT6Q, STM32U5A5VJT6, STM32U5A5VJT6Q, STM32U5A5ZJT6, STM32U5A5ZJT6Q, STM32U5A5ZJY6QTR, STM32U5A9BJY6QTR, STM32U5A9J-DK, STM32U5A9NJH6Q, STM32U5A9VJT6Q, STM32U5A9ZJT6Q, STM32U5A9ZJY6QTR, STM32U5F7VIT6, STM32U5F7VIT6Q, STM32U5F7VJT6, STM32U5F7VJT6Q, STM32U5F9BJY6QTR, STM32U5F9NJH6Q, STM32U5F9VIT6Q, STM32U5F9VJT6Q, STM32U5F9ZIJ6QTR, STM32U5F9ZIT6Q, STM32U5F9ZJJ6QTR, STM32U5F9ZJT6Q, STM32U5G7VJT6, STM32U5G7VJT6Q, STM32U5G9BJY6QTR, STM32U5G9J-DK1, STM32U5G9J-DK2, STM32U5G9NJH6Q, STM32U5G9VJT6Q, STM32U5G9ZJJ6QTR, STM32U5G9ZJT6Q, STM32WB05KZV6TR, STM32WB05KZV7TR, STM32WB05TZF6TR, STM32WB05TZF7TR, STM32WB06CCF6TR, STM32WB06CCF7TR, STM32WB06CCV6TR, STM32WB06CCV7TR, STM32WB06KCV6TR, STM32WB06KCV7TR, STM32WB07CCF6TR, STM32WB07CCF7TR, STM32WB07CCV6TR, STM32WB07CCV7TR, STM32WB07KCV6TR, STM32WB07KCV7TR, STM32WB09KEV6TR, STM32WB09KEV7TR, STM32WB09TEF6TR, STM32WB09TEF7TR, STM32WB1MMCH6, STM32WBA50KGU6, STM32WBA50KGU6TR, STM32WBA52CEU6, STM32WBA52CEU6TR, STM32WBA52CEU7, STM32WBA52CEU7TR, STM32WBA52CGU6, STM32WBA52CGU6TR, STM32WBA52CGU6U, STM32WBA52CGU7, STM32WBA52CGU7TR, STM32WBA52KEU6, STM32WBA52KEU6TR, STM32WBA52KGU6, STM32WBA52KGU6TR, STM32WBA54CEU6, STM32WBA54CEU6TR, STM32WBA54CEU7, STM32WBA54CEU7TR, STM32WBA54CGU6, STM32WBA54CGU6TR, STM32WBA54CGU7, STM32WBA54CGU7TR, STM32WBA54KEU6, STM32WBA54KEU6TR, STM32WBA54KEU7, STM32WBA54KEU7TR, STM32WBA54KGU6, STM32WBA54KGU6TR, STM32WBA54KGU7, STM32WBA54KGU7TR, STM32WBA55CEU6, STM32WBA55CEU6TR, STM32WBA55CEU7, STM32WBA55CEU7TR, STM32WBA55CGU6, STM32WBA55CGU6TR, STM32WBA55CGU6U, STM32WBA55CGU7, STM32WBA55CGU7TR, STM32WBA55G-DK1, STM32WBA55HEF6, STM32WBA55HEF7, STM32WBA55HGF6, STM32WBA55HGF7, STM32WBA55UEI6, STM32WBA55UEI6TR, STM32WBA55UEI7, STM32WBA55UEI7TR, STM32WBA55UGI6, STM32WBA55UGI6TR, STM32WBA55UGI7, STM32WBA55UGI7TR, STM32WL5MOCH6, STM32WL5MOCH6TR]
2024-12-10 12:36:48,362 [INFO] DbMcus:218 - Found 4389 MCUs, 4389 are supported
2024-12-10 12:36:48,364 [INFO] ApiDb:423 - Load user favorites file C:\Users\lagoeirl/.stm32cubeide/favorites.mcus.txt: 0 item(s)
2024-12-10 12:36:48,364 [INFO] ApiDb:427 - User favorites MCUs=[]
2024-12-10 12:36:48,364 [INFO] DbMcus:224 - Set 0 / 0 favorites MCUs
2024-12-10 12:36:48,956 [INFO] BoardInfo:889 - No configuration file found for board P-NUCLEO-WB55
2024-12-10 12:36:48,957 [INFO] DbBoards:161 - Kit is not supported: P-NUCLEO-WB55
2024-12-10 12:36:48,966 [INFO] BoardInfo:889 - No configuration file found for board STEVAL-BFA001V1B
2024-12-10 12:36:48,967 [INFO] DbBoards:161 - Kit is not supported: STEVAL-BFA001V1B
2024-12-10 12:36:48,968 [INFO] BoardInfo:889 - No configuration file found for board STEVAL-BFA001V2B
2024-12-10 12:36:48,969 [INFO] DbBoards:161 - Kit is not supported: STEVAL-BFA001V2B
2024-12-10 12:36:49,210 [INFO] DbBoards:168 - Found 201 boards, 198 are supported
2024-12-10 12:36:49,210 [INFO] DbBoards:169 - Found 201 boards, 25 of them is supported for  Bsp
2024-12-10 12:36:49,225 [INFO] ApiDb:423 - Load user favorites file C:\Users\lagoeirl/.stm32cubeide/favorites.boards.txt: 1 item(s)
2024-12-10 12:36:49,225 [INFO] ApiDb:427 - User favorites Boards=[NUCLEO-G070RB]
2024-12-10 12:36:49,226 [INFO] DbBoards:198 - Set 1 / 1 favorites Boards
2024-12-10 12:36:49,345 [INFO] UtilMem:75 - End LoadConfig() Used Memory: 278284888 Bytes (648019968)
2024-12-10 12:36:49,573 [WARN] ThirdParty:833 - waiting for thirdparty lock release [change project]
2024-12-10 12:36:49,574 [INFO] ThirdParty:835 - entering critical section [change project]
2024-12-10 12:36:49,574 [INFO] ThirdParty:1030 - CMSIS Pack Vendor :STMicroelectronics USBPD 4.1
2024-12-10 12:36:49,574 [INFO] ThirdParty:1030 - CMSIS Pack Vendor :STMicroelectronics X-CUBE-AZRTOS-H7 3.3.0
2024-12-10 12:36:49,574 [INFO] ThirdParty:1030 - CMSIS Pack Vendor :STMicroelectronics X-CUBE-NFC9 1.0.0
2024-12-10 12:36:49,574 [INFO] ThirdParty:1030 - CMSIS Pack Vendor :STMicroelectronics X-CUBE-GNSS1 6.0.0
2024-12-10 12:36:49,574 [INFO] ThirdParty:1030 - CMSIS Pack Vendor :STMicroelectronics USB_HOST 2.0.0
2024-12-10 12:36:49,574 [INFO] ThirdParty:1030 - CMSIS Pack Vendor :STMicroelectronics FP-SNS-MOTENVWB1 1.4.0
2024-12-10 12:36:49,574 [INFO] ThirdParty:1030 - CMSIS Pack Vendor :STMicroelectronics X-CUBE-AZRTOS-F4 1.1.0
2024-12-10 12:36:49,574 [INFO] ThirdParty:1030 - CMSIS Pack Vendor :STMicroelectronics LIBJPEG 8.0.0
2024-12-10 12:36:49,574 [INFO] ThirdParty:1030 - CMSIS Pack Vendor :STMicroelectronics FP-ATR-ASTRA1 2.0.1
2024-12-10 12:36:49,574 [INFO] ThirdParty:1030 - CMSIS Pack Vendor :STMicroelectronics X-CUBE-SMBUS 2.1.0
2024-12-10 12:36:49,574 [INFO] ThirdParty:1030 - CMSIS Pack Vendor :STMicroelectronics X-CUBE-WB05N 1.1.0
2024-12-10 12:36:49,574 [INFO] ThirdParty:1030 - CMSIS Pack Vendor :STMicroelectronics USB_DEVICE 3.0.0
2024-12-10 12:36:49,574 [INFO] ThirdParty:1030 - CMSIS Pack Vendor :STMicroelectronics X-CUBE-TCPP 4.1.0
2024-12-10 12:36:49,574 [INFO] ThirdParty:1030 - CMSIS Pack Vendor :STMicroelectronics X-CUBE-ISPU 2.1.0
2024-12-10 12:36:49,574 [INFO] ThirdParty:1030 - CMSIS Pack Vendor :STMicroelectronics X-CUBE-FREERTOS 1.2.0
2024-12-10 12:36:49,574 [INFO] ThirdParty:1030 - CMSIS Pack Vendor :STMicroelectronics X-CUBE-IPS 3.0.0
2024-12-10 12:36:49,574 [INFO] ThirdParty:1030 - CMSIS Pack Vendor :STMicroelectronics X-CUBE-AZRTOS-WB 2.0.0
2024-12-10 12:36:49,574 [INFO] ThirdParty:1030 - CMSIS Pack Vendor :STMicroelectronics X-CUBE-GNSS1 7.0.0
2024-12-10 12:36:49,574 [INFO] ThirdParty:1030 - CMSIS Pack Vendor :STMicroelectronics X-CUBE-TOUCHGFX 4.23.0
2024-12-10 12:36:49,574 [INFO] ThirdParty:1030 - CMSIS Pack Vendor :STMicroelectronics X-CUBE-AZRTOS-F7 1.1.0
2024-12-10 12:36:49,574 [INFO] ThirdParty:1030 - CMSIS Pack Vendor :STMicroelectronics X-CUBE-AZRTOS-L5 2.0.0
2024-12-10 12:36:49,574 [INFO] ThirdParty:1030 - CMSIS Pack Vendor :STMicroelectronics USB_DEVICE 2.0.0
2024-12-10 12:36:49,574 [INFO] ThirdParty:1030 - CMSIS Pack Vendor :STMicroelectronics X-CUBE-NFC6 3.1.0
2024-12-10 12:36:49,574 [INFO] ThirdParty:1030 - CMSIS Pack Vendor :STMicroelectronics FP-SNS-STBOX1 2.0.0
2024-12-10 12:36:49,574 [INFO] ThirdParty:1030 - CMSIS Pack Vendor :STMicroelectronics X-CUBE-MEMS1 11.0.0
2024-12-10 12:36:49,574 [INFO] ThirdParty:1030 - CMSIS Pack Vendor :STMicroelectronics FreeRTOS 0.0.1
2024-12-10 12:36:49,574 [INFO] ThirdParty:1030 - CMSIS Pack Vendor :STMicroelectronics X-CUBE-AZRTOS-G0 1.1.0
2024-12-10 12:36:49,574 [INFO] ThirdParty:1030 - CMSIS Pack Vendor :STMicroelectronics X-CUBE-SAFEA1 1.2.2
2024-12-10 12:36:49,574 [INFO] ThirdParty:1030 - CMSIS Pack Vendor :STMicroelectronics X-CUBE-NFC4 3.0.0
2024-12-10 12:36:49,575 [INFO] ThirdParty:1030 - CMSIS Pack Vendor :STMicroelectronics X-CUBE-DPower 1.2.0
2024-12-10 12:36:49,575 [INFO] ThirdParty:1030 - CMSIS Pack Vendor :STMicroelectronics X-CUBE-SUBG2 5.0.0
2024-12-10 12:36:49,575 [INFO] ThirdParty:1030 - CMSIS Pack Vendor :STMicroelectronics STM32_WPAN 1.0.0
2024-12-10 12:36:49,575 [INFO] ThirdParty:1030 - CMSIS Pack Vendor :EmbeddedOffice I-CUBE-FS-RTOS 1.0.1
2024-12-10 12:36:49,575 [INFO] ThirdParty:1030 - CMSIS Pack Vendor :STMicroelectronics lwIP 2.0.3
2024-12-10 12:36:49,575 [INFO] ThirdParty:1030 - CMSIS Pack Vendor :STMicroelectronics FP-SNS-FLIGHT1 5.0.2
2024-12-10 12:36:49,575 [INFO] ThirdParty:1030 - CMSIS Pack Vendor :Cesanta I-CUBE-Mongoose 7.13.0
2024-12-10 12:36:49,575 [INFO] ThirdParty:1030 - CMSIS Pack Vendor :STMicroelectronics USB_HOST 1.0.0
2024-12-10 12:36:49,575 [INFO] ThirdParty:1030 - CMSIS Pack Vendor :Infineon AIROC-Wi-Fi-Bluetooth-STM32 1.7.0
2024-12-10 12:36:49,575 [INFO] ThirdParty:1030 - CMSIS Pack Vendor :STMicroelectronics X-CUBE-AI 9.0.0
2024-12-10 12:36:49,575 [INFO] ThirdParty:1030 - CMSIS Pack Vendor :STMicroelectronics X-CUBE-AZRTOS-G4 2.0.0
2024-12-10 12:36:49,575 [INFO] ThirdParty:1030 - CMSIS Pack Vendor :STMicroelectronics PDM2PCM 3.1.0
2024-12-10 12:36:49,575 [INFO] ThirdParty:1030 - CMSIS Pack Vendor :STMicroelectronics PDM2PCM 3.3.0
2024-12-10 12:36:49,575 [INFO] ThirdParty:1030 - CMSIS Pack Vendor :STMicroelectronics X-CUBE-DISPLAY 3.0.0
2024-12-10 12:36:49,575 [INFO] ThirdParty:1030 - CMSIS Pack Vendor :RealThread X-CUBE-RT-Thread_Nano 4.1.1
2024-12-10 12:36:49,575 [INFO] ThirdParty:1030 - CMSIS Pack Vendor :STMicroelectronics X-CUBE-BLE1 7.0.0
2024-12-10 12:36:49,575 [INFO] ThirdParty:1030 - CMSIS Pack Vendor :STMicroelectronics FP-ATR-SIGFOX1 3.2.0
2024-12-10 12:36:49,575 [INFO] ThirdParty:1030 - CMSIS Pack Vendor :STMicroelectronics X-CUBE-NFC10 1.0.0
2024-12-10 12:36:49,575 [INFO] ThirdParty:1030 - CMSIS Pack Vendor :wolfSSL I-CUBE-wolfSSL 5.7.2
2024-12-10 12:36:49,575 [INFO] ThirdParty:1030 - CMSIS Pack Vendor :quantropi X-CUBE-qispace-sdk-base 1.9.3
2024-12-10 12:36:49,575 [INFO] ThirdParty:1030 - CMSIS Pack Vendor :STMicroelectronics X-CUBE-ISPU 2.0.0
2024-12-10 12:36:49,575 [INFO] ThirdParty:1030 - CMSIS Pack Vendor :STMicroelectronics X-CUBE-BLEMGR 4.0.0
2024-12-10 12:36:49,575 [INFO] ThirdParty:1030 - CMSIS Pack Vendor :STMicroelectronics X-CUBE-EEPRMA1 5.1.0
2024-12-10 12:36:49,575 [INFO] ThirdParty:1030 - CMSIS Pack Vendor :STMicroelectronics HAL Drivers 0.0.0
2024-12-10 12:36:49,575 [INFO] ThirdParty:1030 - CMSIS Pack Vendor :STMicroelectronics MBEDTLS 2.16.2
2024-12-10 12:36:49,575 [INFO] ThirdParty:1030 - CMSIS Pack Vendor :STMicroelectronics X-CUBE-ALS 1.0.2
2024-12-10 12:36:49,575 [INFO] ThirdParty:1030 - CMSIS Pack Vendor :emotas I-CUBE-CANOPEN 1.3.0
2024-12-10 12:36:49,575 [INFO] ThirdParty:1030 - CMSIS Pack Vendor :STMicroelectronics X-CUBE-FREERTOS 1.3.0
2024-12-10 12:36:49,575 [INFO] ThirdParty:1030 - CMSIS Pack Vendor :STMicroelectronics X-CUBE-MEMS1 10.0.0
2024-12-10 12:36:49,575 [INFO] ThirdParty:1030 - CMSIS Pack Vendor :wolfSSL I-CUBE-wolfSSL 5.7.4
2024-12-10 12:36:49,575 [INFO] ThirdParty:1030 - CMSIS Pack Vendor :STMicroelectronics X-CUBE-NFC7 1.0.1
2024-12-10 12:36:49,575 [INFO] ThirdParty:1030 - CMSIS Pack Vendor :STMicroelectronics MBEDTLS 2.14.1
2024-12-10 12:36:49,575 [INFO] ThirdParty:1030 - CMSIS Pack Vendor :STMicroelectronics X-CUBE-TOUCHGFX 4.24.0
2024-12-10 12:36:49,575 [INFO] ThirdParty:1030 - CMSIS Pack Vendor :ITTIA_DB I-CUBE-ITTIADB 8.9.0
2024-12-10 12:36:49,575 [INFO] ThirdParty:1030 - CMSIS Pack Vendor :wolfSSL I-CUBE-wolfTPM 3.2.0
2024-12-10 12:36:49,575 [INFO] ThirdParty:1030 - CMSIS Pack Vendor :STMicroelectronics X-CUBE-TOUCHGFX 4.24.1
2024-12-10 12:36:49,575 [INFO] ThirdParty:1030 - CMSIS Pack Vendor :wolfSSL I-CUBE-wolfTPM 3.4.0
2024-12-10 12:36:49,575 [INFO] ThirdParty:1030 - CMSIS Pack Vendor :portGmbH I-Cube-SoM-uGOAL 1.1.0
2024-12-10 12:36:49,576 [INFO] ThirdParty:1030 - CMSIS Pack Vendor :STMicroelectronics X-CUBE-BLEMGR 3.1.0
2024-12-10 12:36:49,576 [INFO] ThirdParty:1030 - CMSIS Pack Vendor :STMicroelectronics ThreadX 1.0.0
2024-12-10 12:36:49,576 [INFO] ThirdParty:1030 - CMSIS Pack Vendor :STMicroelectronics FP-SNS-SMARTAG2 1.2.0
2024-12-10 12:36:49,576 [INFO] ThirdParty:1030 - CMSIS Pack Vendor :STMicroelectronics X-CUBE-AZRTOS-WL 2.0.0
2024-12-10 12:36:49,576 [INFO] ThirdParty:1030 - CMSIS Pack Vendor :SEGGER I-CUBE-embOS 1.3.1
2024-12-10 12:36:49,576 [INFO] ThirdParty:1030 - CMSIS Pack Vendor :STMicroelectronics X-CUBE-ALGOBUILD 1.4.0
2024-12-10 12:36:49,576 [INFO] ThirdParty:1030 - CMSIS Pack Vendor :STMicroelectronics FP-SNS-MOTENV1 5.0.0
2024-12-10 12:36:49,576 [INFO] ThirdParty:1030 - CMSIS Pack Vendor :STMicroelectronics USB_DEVICE 1.0.0
2024-12-10 12:36:49,576 [INFO] ThirdParty:1030 - CMSIS Pack Vendor :STMicroelectronics X-CUBE-AZRTOS-H7RS 1.0.0
2024-12-10 12:36:49,576 [INFO] ThirdParty:1030 - CMSIS Pack Vendor :wolfSSL I-CUBE-wolfMQTT 1.19.0
2024-12-10 12:36:49,576 [INFO] ThirdParty:1030 - CMSIS Pack Vendor :STMicroelectronics X-CUBE-AZRTOS-L4 2.0.0
2024-12-10 12:36:49,576 [INFO] ThirdParty:1030 - CMSIS Pack Vendor :STMicroelectronics ThreadX 0.0.2
2024-12-10 12:36:49,576 [INFO] ThirdParty:1030 - CMSIS Pack Vendor :WES I-CUBE-Cesium 1.3.0
2024-12-10 12:36:49,576 [INFO] ThirdParty:1030 - CMSIS Pack Vendor :STMicroelectronics FP-ATR-ASTRA1 2.0.0
2024-12-10 12:36:49,576 [INFO] ThirdParty:1030 - CMSIS Pack Vendor :STMicroelectronics lwIP 2.1.2
2024-12-10 12:36:49,576 [INFO] ThirdParty:1030 - CMSIS Pack Vendor :STMicroelectronics X-CUBE-SFXS2LP1 4.0.0
2024-12-10 12:36:49,576 [INFO] ThirdParty:1030 - CMSIS Pack Vendor :STMicroelectronics X-CUBE-BLE2 3.3.0
2024-12-10 12:36:49,576 [INFO] ThirdParty:1030 - CMSIS Pack Vendor :STMicroelectronics X-CUBE-TOF1 3.4.2
2024-12-10 12:36:49,576 [INFO] ThirdParty:1030 - CMSIS Pack Vendor :STMicroelectronics X-CUBE-AI 9.1.0
2024-12-10 12:36:49,576 [INFO] ThirdParty:1030 - CMSIS Pack Vendor :Infineon AIROC-Wi-Fi-Bluetooth-STM32 1.6.1
2024-12-10 12:36:49,576 [INFO] ThirdParty:1030 - CMSIS Pack Vendor :STMicroelectronics X-CUBE-AZRTOS-H7 3.2.0
2024-12-10 12:36:49,576 [INFO] ThirdParty:1030 - CMSIS Pack Vendor :STMicroelectronics PDM2PCM 3.2.0
2024-12-10 12:36:49,576 [INFO] ThirdParty:1030 - CMSIS Pack Vendor :wolfSSL I-CUBE-wolfSSH 1.4.17
2024-12-10 12:36:49,576 [INFO] ThirdParty:841 - exiting critical section [change project]
2024-12-10 12:36:50,495 [INFO] PinOutPanel:1561 - setPackage(No Configuration,No Configuration)
2024-12-10 12:36:50,503 [INFO] PinOutPanel:1561 - setPackage(STM32L4R5ZITx,LQFP144)
2024-12-10 12:36:52,803 [INFO] UtilMem:75 - Before build in PCC Used Memory: 534750720 Bytes (648019968)
2024-12-10 12:36:54,631 [INFO] UtilMem:75 - After build in PCC Used Memory: 394552832 Bytes (648019968)
2024-12-10 12:36:54,790 [INFO] ApiDbMcu:508 - Load IP Config File for USB_DEVICE
2024-12-10 12:36:54,852 [INFO] IPUIPlugin:80 - create IPUIPlugin
2024-12-10 12:36:54,853 [INFO] IPUIPlugin:80 - create IPUIPlugin
2024-12-10 12:36:54,853 [INFO] IPUIPlugin:80 - create IPUIPlugin
2024-12-10 12:36:54,853 [INFO] IPUIPlugin:80 - create IPUIPlugin
2024-12-10 12:36:54,853 [INFO] IPUIPlugin:80 - create IPUIPlugin
2024-12-10 12:36:54,854 [INFO] IPUIPlugin:80 - create IPUIPlugin
2024-12-10 12:36:54,854 [INFO] IPUIPlugin:80 - create IPUIPlugin
2024-12-10 12:36:54,854 [INFO] IPUIPlugin:80 - create IPUIPlugin
2024-12-10 12:36:54,854 [INFO] IPUIPlugin:80 - create IPUIPlugin
2024-12-10 12:36:54,854 [INFO] IPUIPlugin:80 - create IPUIPlugin
2024-12-10 12:36:54,855 [INFO] IPUIPlugin:80 - create IPUIPlugin
2024-12-10 12:36:54,855 [INFO] IPUIPlugin:80 - create IPUIPlugin
2024-12-10 12:36:54,855 [INFO] IPUIPlugin:80 - create IPUIPlugin
2024-12-10 12:36:54,855 [INFO] IPUIPlugin:80 - create IPUIPlugin
2024-12-10 12:36:54,856 [INFO] IPUIPlugin:80 - create IPUIPlugin
2024-12-10 12:36:54,856 [INFO] IPUIPlugin:80 - create IPUIPlugin
2024-12-10 12:36:54,856 [INFO] IPUIPlugin:80 - create IPUIPlugin
2024-12-10 12:36:54,856 [INFO] IPUIPlugin:80 - create IPUIPlugin
2024-12-10 12:36:54,856 [INFO] IPUIPlugin:80 - create IPUIPlugin
2024-12-10 12:36:54,856 [INFO] IPUIPlugin:80 - create IPUIPlugin
2024-12-10 12:36:54,856 [INFO] IPUIPlugin:80 - create IPUIPlugin
2024-12-10 12:36:54,858 [INFO] IPUIPlugin:80 - create IPUIPlugin
2024-12-10 12:36:54,859 [INFO] IPUIPlugin:80 - create IPUIPlugin
2024-12-10 12:36:54,860 [INFO] IPUIPlugin:80 - create IPUIPlugin
2024-12-10 12:36:54,861 [INFO] IPUIPlugin:80 - create IPUIPlugin
2024-12-10 12:36:54,862 [INFO] IPUIPlugin:80 - create IPUIPlugin
2024-12-10 12:36:54,862 [INFO] IPUIPlugin:80 - create IPUIPlugin
2024-12-10 12:36:54,863 [INFO] IPUIPlugin:80 - create IPUIPlugin
2024-12-10 12:36:54,864 [INFO] IPUIPlugin:80 - create IPUIPlugin
2024-12-10 12:36:54,864 [INFO] IPUIPlugin:80 - create IPUIPlugin
2024-12-10 12:36:54,865 [INFO] IPUIPlugin:80 - create IPUIPlugin
2024-12-10 12:36:54,865 [INFO] IPUIPlugin:80 - create IPUIPlugin
2024-12-10 12:36:54,867 [INFO] IPUIPlugin:80 - create IPUIPlugin
2024-12-10 12:36:54,867 [INFO] IPUIPlugin:80 - create IPUIPlugin
2024-12-10 12:36:54,868 [INFO] IPUIPlugin:80 - create IPUIPlugin
2024-12-10 12:36:54,869 [INFO] IPUIPlugin:80 - create IPUIPlugin
2024-12-10 12:36:54,869 [INFO] IPUIPlugin:80 - create IPUIPlugin
2024-12-10 12:36:54,869 [INFO] IPUIPlugin:80 - create IPUIPlugin
2024-12-10 12:36:54,869 [INFO] IPUIPlugin:80 - create IPUIPlugin
2024-12-10 12:36:54,870 [INFO] IPUIPlugin:80 - create IPUIPlugin
2024-12-10 12:36:54,870 [INFO] IPUIPlugin:80 - create IPUIPlugin
2024-12-10 12:36:54,870 [INFO] IPUIPlugin:80 - create IPUIPlugin
2024-12-10 12:36:54,870 [INFO] IPUIPlugin:80 - create IPUIPlugin
2024-12-10 12:36:54,871 [INFO] IPUIPlugin:80 - create IPUIPlugin
2024-12-10 12:36:54,871 [INFO] IPUIPlugin:80 - create IPUIPlugin
2024-12-10 12:36:54,871 [INFO] IPUIPlugin:80 - create IPUIPlugin
2024-12-10 12:36:54,871 [INFO] IPUIPlugin:80 - create IPUIPlugin
2024-12-10 12:36:54,871 [INFO] IPUIPlugin:80 - create IPUIPlugin
2024-12-10 12:36:54,873 [INFO] IPUIPlugin:80 - create IPUIPlugin
2024-12-10 12:36:54,873 [INFO] IPUIPlugin:80 - create IPUIPlugin
2024-12-10 12:36:54,874 [INFO] IPUIPlugin:80 - create IPUIPlugin
2024-12-10 12:36:54,874 [INFO] IPUIPlugin:80 - create IPUIPlugin
2024-12-10 12:36:54,875 [INFO] IPUIPlugin:80 - create IPUIPlugin
2024-12-10 12:36:54,875 [INFO] IPUIPlugin:80 - create IPUIPlugin
2024-12-10 12:36:54,876 [INFO] IPUIPlugin:80 - create IPUIPlugin
2024-12-10 12:36:54,877 [INFO] IPUIPlugin:80 - create IPUIPlugin
2024-12-10 12:36:54,878 [INFO] IPUIPlugin:80 - create IPUIPlugin
2024-12-10 12:36:54,878 [INFO] IPUIPlugin:80 - create IPUIPlugin
2024-12-10 12:36:54,880 [INFO] IPUIPlugin:80 - create IPUIPlugin
2024-12-10 12:36:54,880 [INFO] IPUIPlugin:80 - create IPUIPlugin
2024-12-10 12:36:54,881 [INFO] IPUIPlugin:80 - create IPUIPlugin
2024-12-10 12:36:55,376 [INFO] CADModel:165 - CPN selected for project levelSTM32L4R5ZIT6
2024-12-10 12:36:55,376 [INFO] CADModel:114 - Register for checkConnection events
2024-12-10 12:36:55,445 [INFO] OpenFileManager:363 - Restore cursor
2024-12-10 12:37:16,280 [INFO] MainUpdater:2873 - connection check result : 10
2024-12-10 12:37:16,693 [INFO] McuFinderGlobals:76 - Set McuFinderConnectedMode to true
2024-12-10 12:37:16,704 [INFO] MultiScanPanel:200 - Auto-refresh data requested => check proxy status ongoing
2024-12-10 12:37:16,711 [INFO] FinderPluginLoader:95 - Searching for filters in installed packs
2024-12-10 12:37:16,717 [INFO] FinderPluginLoader:108 - Found C:\Users\lagoeirl\STM32Cube\Repository\Packs\STMicroelectronics\X-CUBE-AI\9.1.0\CubeMX\plugins\ip\ai.9.1.0.jar
2024-12-10 12:37:16,718 [INFO] FinderPluginLoader:118 - Loading ai.9.1.0
2024-12-10 12:37:16,850 [INFO] McuExtendedFiltersManager:95 - Add MCU extended filter: Artificial Intelligence
2024-12-10 12:37:18,295 [INFO] AInterface:112 - AInterface using toolDir: C:/Users/lagoeirl/STM32Cube/Repository//Packs/STMicroelectronics/X-CUBE-AI/9.1.0/Utilities/windows
2024-12-10 12:37:19,203 [INFO] LoadUrlFilesThread:185 - End of LoadServerUrlFiles without Thread
2024-12-10 12:37:19,265 [INFO] DetailPanel:341 - Set advertising image to C:/Users/lagoeirl/STM32Cube/Repository/\en.prom-stm32c071-usb-memories-mcu-finder.png
2024-12-10 12:41:29,903 [INFO] MultiScanPanel:200 - Auto-refresh data requested => check proxy status ongoing
2024-12-10 12:41:30,522 [INFO] LoadUrlFilesThread:185 - End of LoadServerUrlFiles without Thread
2024-12-10 12:41:30,522 [INFO] DetailPanel:341 - Set advertising image to C:/Users/lagoeirl/STM32Cube/Repository/\en.prom-stm32c071-usb-memories-mcu-finder.png
2024-12-10 12:41:30,580 [INFO] DbBoards:642 - Loading board mini-images...
2024-12-10 12:41:32,914 [ERROR] DbBoards:659 - Image file not found for board NUCLEO-WB05KZ: C:\Users\lagoeirl\.stmcufinder\plugins\mcufinder//mcu//boards_images/NUCLEO-WB05KZ.jpg
2024-12-10 12:41:36,955 [INFO] DbBoards:665 - Loaded 200 board mini-images
2024-12-10 12:42:13,849 [INFO] MainUpdater:2873 - connection check result : 10
2024-12-10 12:42:13,850 [INFO] MainUpdater:2873 - connection check result : 10
2024-12-10 12:42:17,394 [INFO] MicroXplorer:468 - Change Database Path : 
2024-12-10 12:42:17,394 [INFO] MicroXplorer:498 - Change Database Version : DB.6.0.120
2024-12-10 12:42:17,411 [ERROR] ProjectManagerView:394 - 
java.lang.NullPointerException: Cannot invoke "javax.swing.JTextField.getText()" because the return value of "java.util.List.get(int)" is null
	at com.st.microxplorer.plugins.projectmanager.gui.ProjectChoiceTab$10.caretUpdate(ProjectChoiceTab.java:2622) ~[filemanager.jar:?]
	at javax.swing.text.JTextComponent.fireCaretUpdate(JTextComponent.java:412) ~[?:?]
	at javax.swing.text.JTextComponent$MutableCaretEvent.fire(JTextComponent.java:4491) ~[?:?]
	at javax.swing.text.JTextComponent$MutableCaretEvent.stateChanged(JTextComponent.java:4513) ~[?:?]
	at javax.swing.text.DefaultCaret.fireStateChanged(DefaultCaret.java:842) ~[?:?]
	at javax.swing.text.DefaultCaret.changeCaretPosition(DefaultCaret.java:1313) ~[?:?]
	at javax.swing.text.DefaultCaret.handleSetDot(DefaultCaret.java:1212) ~[?:?]
	at javax.swing.text.DefaultCaret.setDot(DefaultCaret.java:1193) ~[?:?]
	at javax.swing.text.DefaultCaret$Handler.insertUpdate(DefaultCaret.java:1789) ~[?:?]
	at javax.swing.text.AbstractDocument.fireInsertUpdate(AbstractDocument.java:226) ~[?:?]
	at javax.swing.text.AbstractDocument.handleInsertString(AbstractDocument.java:780) ~[?:?]
	at javax.swing.text.AbstractDocument.insertString(AbstractDocument.java:739) ~[?:?]
	at javax.swing.text.PlainDocument.insertString(PlainDocument.java:131) ~[?:?]
	at javax.swing.text.AbstractDocument.replace(AbstractDocument.java:698) ~[?:?]
	at javax.swing.text.JTextComponent.setText(JTextComponent.java:1729) ~[?:?]
	at com.st.microxplorer.plugins.projectmanager.gui.ProjectChoiceTab.createHeapStackFields(ProjectChoiceTab.java:972) ~[filemanager.jar:?]
	at com.st.microxplorer.plugins.projectmanager.gui.ProjectChoiceTab.buildLinkSettingsPanel(ProjectChoiceTab.java:3597) ~[filemanager.jar:?]
	at com.st.microxplorer.plugins.projectmanager.gui.ProjectChoiceTab.defineWindowsFields(ProjectChoiceTab.java:1940) ~[filemanager.jar:?]
	at com.st.microxplorer.plugins.projectmanager.gui.ProjectChoiceTab.updateSettings(ProjectChoiceTab.java:550) ~[filemanager.jar:?]
	at com.st.microxplorer.plugins.projectmanager.gui.ProjectSettingsPanel.UpdateDialog(ProjectSettingsPanel.java:245) ~[filemanager.jar:?]
	at com.st.microxplorer.plugins.projectmanager.ProjectManagerView.propertyChange(ProjectManagerView.java:391) ~[filemanager.jar:?]
	at java.beans.PropertyChangeSupport.fire(PropertyChangeSupport.java:343) ~[?:?]
	at java.beans.PropertyChangeSupport.firePropertyChange(PropertyChangeSupport.java:335) ~[?:?]
	at java.beans.PropertyChangeSupport.firePropertyChange(PropertyChangeSupport.java:268) ~[?:?]
	at com.st.microxplorer.util.MXPropertyChangeSupport.firePropertyChange(MXPropertyChangeSupport.java:54) ~[STM32CubeMX.jar:?]
	at com.st.microxplorer.mxsystem.MxSystem.closeConfig(MxSystem.java:900) ~[STM32CubeMX.jar:?]
	at com.st.microxplorer.maingui.MainPanel.closeConfig(MainPanel.java:781) ~[STM32CubeMX.jar:?]
	at com.st.microxplorer.plugins.filemanager.engine.OpenFileManager.loadConfigurationFile(OpenFileManager.java:265) ~[filemanager.jar:?]
	at com.st.microxplorer.plugins.filemanager.engine.MainFileManager.userLoadConfig(MainFileManager.java:352) ~[filemanager.jar:?]
	at com.st.microxplorer.plugins.filemanager.FileManagerView.getSpecificTask(FileManagerView.java:250) ~[filemanager.jar:?]
	at com.st.stm32cube.common.mx.editor.CubeMxEditor.getMxTabbedPaneInstance(CubeMxEditor.java:1191) ~[com.st.stm32cube.common.mx_6.12.0.202406281431/:?]
	at com.st.stm32cube.common.mx.editor.CubeMxEditor$12$1.createSwingComponent(CubeMxEditor.java:1068) ~[com.st.stm32cube.common.mx_6.12.0.202406281431/:?]
	at com.st.stm32cube.common.mx.oss.core.awtswtbridge.EmbeddedSwingComposite.doComponentCreation(EmbeddedSwingComposite.java:492) ~[com.st.stm32cube.common.mx.oss_6.12.0.202406281431/:?]
	at com.st.stm32cube.common.mx.oss.core.awtswtbridge.EmbeddedSwingComposite$4.run(EmbeddedSwingComposite.java:291) ~[com.st.stm32cube.common.mx.oss_6.12.0.202406281431/:?]
	at com.st.stm32cube.common.mx.oss.core.awtswtbridge.AwtEnvironment$2.run(AwtEnvironment.java:166) ~[com.st.stm32cube.common.mx.oss_6.12.0.202406281431/:?]
	at java.awt.event.InvocationEvent.dispatch(InvocationEvent.java:318) ~[?:?]
	at java.awt.EventQueue.dispatchEventImpl(EventQueue.java:773) ~[?:?]
	at java.awt.EventQueue$4.run(EventQueue.java:720) ~[?:?]
	at java.awt.EventQueue$4.run(EventQueue.java:714) ~[?:?]
	at java.security.AccessController.doPrivileged(AccessController.java:399) ~[?:?]
	at java.security.ProtectionDomain$JavaSecurityAccessImpl.doIntersectionPrivilege(ProtectionDomain.java:86) ~[?:?]
	at java.awt.EventQueue.dispatchEvent(EventQueue.java:742) ~[?:?]
	at java.awt.EventDispatchThread.pumpOneEventForFilters(EventDispatchThread.java:203) ~[?:?]
	at java.awt.EventDispatchThread.pumpEventsForFilter(EventDispatchThread.java:124) ~[?:?]
	at java.awt.EventDispatchThread.pumpEventsForHierarchy(EventDispatchThread.java:113) ~[?:?]
	at java.awt.EventDispatchThread.pumpEvents(EventDispatchThread.java:109) ~[?:?]
	at java.awt.EventDispatchThread.pumpEvents(EventDispatchThread.java:101) ~[?:?]
	at java.awt.EventDispatchThread.run(EventDispatchThread.java:90) ~[?:?]
2024-12-10 12:42:17,429 [WARN] ThirdParty:871 - waiting for thirdparty lock release [close project]
2024-12-10 12:42:17,430 [INFO] ThirdParty:873 - entering critical section [close project]
2024-12-10 12:42:17,430 [INFO] ThirdParty:883 - exiting critical section [close project]
2024-12-10 12:42:17,432 [INFO] PinOutPanel:1561 - setPackage(No Configuration,No Configuration)
2024-12-10 12:42:17,452 [INFO] UtilMem:75 - Begin LoadConfig() Used Memory: 580346208 Bytes (951058432)
2024-12-10 12:42:17,454 [INFO] MicroXplorer:468 - Change Database Path : 
2024-12-10 12:42:17,454 [INFO] MicroXplorer:498 - Change Database Version : DB.6.0.120
2024-12-10 12:42:17,454 [INFO] OpenFileManager:332 - Change cursor
2024-12-10 12:42:17,510 [INFO] Mcu:2032 - Initializing MCU STM32G0B1R(B-C-E)Tx STM32G0B1RETx STM32G0B1RET6
2024-12-10 12:42:20,409 [INFO] Context:742 - Trying to add GPIOservice into a context  which must be forbidden
2024-12-10 12:42:21,704 [INFO] RtosManager:555 - Registered RTOS mode: class=CMSIS, group=RTOS, mode=CMSIS_V1, owner=FREERTOS
2024-12-10 12:42:21,705 [INFO] RtosManager:555 - Registered RTOS mode: class=CMSIS, group=RTOS2, mode=CMSIS_V2, owner=FREERTOS
2024-12-10 12:42:21,705 [INFO] RtosManager:555 - Registered RTOS mode: class=RTOS, group=Core, mode=CMSIS_V1, owner=FREERTOS
2024-12-10 12:42:21,705 [INFO] RtosManager:555 - Registered RTOS mode: class=RTOS, group=Core, mode=CMSIS_V2, owner=FREERTOS
2024-12-10 12:42:21,705 [WARN] ModelIntegratedComponent:184 - Missing modes for component STMicroelectronics:FreeRTOS:0.0.1:STMicroelectronics:RTOS:FreeRTOS:Core:::10.2.0:
2024-12-10 12:42:21,762 [WARN] ModelIntegratedComponent:63 - No mode defined for component null
2024-12-10 12:42:21,762 [WARN] ModelIntegratedComponent:63 - No mode defined for component null
2024-12-10 12:42:21,762 [WARN] ModelIntegratedComponent:63 - No mode defined for component null
2024-12-10 12:42:21,762 [WARN] ModelIntegratedComponent:63 - No mode defined for component null
2024-12-10 12:42:21,762 [WARN] ModelIntegratedComponent:63 - No mode defined for component null
2024-12-10 12:42:21,762 [WARN] ModelIntegratedComponent:63 - No mode defined for component null
2024-12-10 12:42:21,762 [WARN] ModelIntegratedComponent:63 - No mode defined for component null
2024-12-10 12:42:21,762 [WARN] ModelIntegratedComponent:63 - No mode defined for component null
2024-12-10 12:42:21,762 [WARN] ModelIntegratedComponent:63 - No mode defined for component null
2024-12-10 12:42:21,762 [WARN] ModelIntegratedComponent:63 - No mode defined for component null
2024-12-10 12:42:21,762 [WARN] ModelIntegratedComponent:63 - No mode defined for component null
2024-12-10 12:42:21,762 [WARN] ModelIntegratedComponent:63 - No mode defined for component null
2024-12-10 12:42:21,762 [WARN] ModelIntegratedComponent:63 - No mode defined for component null
2024-12-10 12:42:21,762 [WARN] ModelIntegratedComponent:63 - No mode defined for component null
2024-12-10 12:42:21,762 [WARN] ModelIntegratedComponent:63 - No mode defined for component null
2024-12-10 12:42:21,762 [WARN] ModelIntegratedComponent:63 - No mode defined for component null
2024-12-10 12:42:21,762 [WARN] ModelIntegratedComponent:63 - No mode defined for component null
2024-12-10 12:42:21,762 [WARN] ModelIntegratedComponent:63 - No mode defined for component null
2024-12-10 12:42:21,762 [WARN] ModelIntegratedComponent:63 - No mode defined for component null
2024-12-10 12:42:21,762 [WARN] ModelIntegratedComponent:63 - No mode defined for component null
2024-12-10 12:42:21,762 [WARN] ModelIntegratedComponent:63 - No mode defined for component null
2024-12-10 12:42:21,762 [WARN] ModelIntegratedComponent:63 - No mode defined for component null
2024-12-10 12:42:21,762 [WARN] ModelIntegratedComponent:63 - No mode defined for component null
2024-12-10 12:42:21,762 [WARN] ModelIntegratedComponent:63 - No mode defined for component null
2024-12-10 12:42:21,762 [WARN] ModelIntegratedComponent:63 - No mode defined for component null
2024-12-10 12:42:21,762 [WARN] ModelIntegratedComponent:63 - No mode defined for component null
2024-12-10 12:42:21,762 [WARN] ModelIntegratedComponent:63 - No mode defined for component null
2024-12-10 12:42:21,762 [WARN] ModelIntegratedComponent:63 - No mode defined for component null
2024-12-10 12:42:21,762 [WARN] ModelIntegratedComponent:63 - No mode defined for component null
2024-12-10 12:42:21,762 [WARN] ModelIntegratedComponent:63 - No mode defined for component null
2024-12-10 12:42:21,762 [WARN] ModelIntegratedComponent:63 - No mode defined for component null
2024-12-10 12:42:21,762 [WARN] ModelIntegratedComponent:63 - No mode defined for component null
2024-12-10 12:42:21,762 [WARN] ModelIntegratedComponent:63 - No mode defined for component null
2024-12-10 12:42:21,762 [WARN] ModelIntegratedComponent:63 - No mode defined for component null
2024-12-10 12:42:21,762 [WARN] ModelIntegratedComponent:63 - No mode defined for component null
2024-12-10 12:42:21,762 [WARN] ModelPack:524 - Component already loaded: STMicroelectronics:HAL Drivers:0.0.0:STMicroelectronics:Device:STMicro_Driver:XSPI:HAL::0.0.1:HAL_XSPI
2024-12-10 12:42:21,893 [INFO] ThirdPartyModel:298 - Start build external matchings
2024-12-10 12:42:22,599 [INFO] ThirdPartyModel:316 - End build external matchings
2024-12-10 12:42:22,616 [INFO] ImportTextPane:205 - (OptionalMessage_ERROR) IP (RCC) : Invalid parameter (FamilyName)
2024-12-10 12:42:22,617 [INFO] ImportTextPane:205 - (OptionalMessage_ERROR) IP (RCC) : Parameter (PLLPoutputFreq_Value) has invalid value (64000000)
2024-12-10 12:42:22,618 [INFO] ImportTextPane:205 - (OptionalMessage_ERROR) IP (RCC) : Parameter (PLLRCLKFreq_Value) has invalid value (64000000)
2024-12-10 12:42:23,102 [INFO] UtilMem:75 - End LoadConfig() Used Memory: 676638720 Bytes (1073741824)
2024-12-10 12:42:23,371 [WARN] ThirdParty:833 - waiting for thirdparty lock release [change project]
2024-12-10 12:42:23,372 [INFO] ThirdParty:835 - entering critical section [change project]
2024-12-10 12:42:23,372 [INFO] ThirdParty:1030 - CMSIS Pack Vendor :STMicroelectronics USBPD 4.1
2024-12-10 12:42:23,372 [INFO] ThirdParty:1030 - CMSIS Pack Vendor :STMicroelectronics X-CUBE-AZRTOS-H7 3.3.0
2024-12-10 12:42:23,372 [INFO] ThirdParty:1030 - CMSIS Pack Vendor :STMicroelectronics X-CUBE-NFC9 1.0.0
2024-12-10 12:42:23,372 [INFO] ThirdParty:1030 - CMSIS Pack Vendor :STMicroelectronics X-CUBE-GNSS1 6.0.0
2024-12-10 12:42:23,372 [INFO] ThirdParty:1030 - CMSIS Pack Vendor :STMicroelectronics USB_HOST 2.0.0
2024-12-10 12:42:23,372 [INFO] ThirdParty:1030 - CMSIS Pack Vendor :STMicroelectronics FP-SNS-MOTENVWB1 1.4.0
2024-12-10 12:42:23,373 [INFO] ThirdParty:1030 - CMSIS Pack Vendor :STMicroelectronics X-CUBE-AZRTOS-F4 1.1.0
2024-12-10 12:42:23,373 [INFO] ThirdParty:1030 - CMSIS Pack Vendor :STMicroelectronics LIBJPEG 8.0.0
2024-12-10 12:42:23,373 [INFO] ThirdParty:1030 - CMSIS Pack Vendor :STMicroelectronics FP-ATR-ASTRA1 2.0.1
2024-12-10 12:42:23,373 [INFO] ThirdParty:1030 - CMSIS Pack Vendor :STMicroelectronics X-CUBE-SMBUS 2.1.0
2024-12-10 12:42:23,373 [INFO] ThirdParty:1030 - CMSIS Pack Vendor :STMicroelectronics X-CUBE-WB05N 1.1.0
2024-12-10 12:42:23,373 [INFO] ThirdParty:1030 - CMSIS Pack Vendor :STMicroelectronics USB_DEVICE 3.0.0
2024-12-10 12:42:23,374 [INFO] ThirdParty:1030 - CMSIS Pack Vendor :STMicroelectronics X-CUBE-TCPP 4.1.0
2024-12-10 12:42:23,374 [INFO] ThirdParty:1030 - CMSIS Pack Vendor :STMicroelectronics X-CUBE-ISPU 2.1.0
2024-12-10 12:42:23,374 [INFO] ThirdParty:1030 - CMSIS Pack Vendor :STMicroelectronics X-CUBE-FREERTOS 1.2.0
2024-12-10 12:42:23,374 [INFO] ThirdParty:1030 - CMSIS Pack Vendor :STMicroelectronics X-CUBE-IPS 3.0.0
2024-12-10 12:42:23,374 [INFO] ThirdParty:1030 - CMSIS Pack Vendor :STMicroelectronics X-CUBE-AZRTOS-WB 2.0.0
2024-12-10 12:42:23,374 [INFO] ThirdParty:1030 - CMSIS Pack Vendor :STMicroelectronics X-CUBE-GNSS1 7.0.0
2024-12-10 12:42:23,374 [INFO] ThirdParty:1030 - CMSIS Pack Vendor :STMicroelectronics X-CUBE-TOUCHGFX 4.23.0
2024-12-10 12:42:23,374 [INFO] ThirdParty:1030 - CMSIS Pack Vendor :STMicroelectronics X-CUBE-AZRTOS-F7 1.1.0
2024-12-10 12:42:23,374 [INFO] ThirdParty:1030 - CMSIS Pack Vendor :STMicroelectronics X-CUBE-AZRTOS-L5 2.0.0
2024-12-10 12:42:23,374 [INFO] ThirdParty:1030 - CMSIS Pack Vendor :STMicroelectronics USB_DEVICE 2.0.0
2024-12-10 12:42:23,374 [INFO] ThirdParty:1030 - CMSIS Pack Vendor :STMicroelectronics X-CUBE-NFC6 3.1.0
2024-12-10 12:42:23,374 [INFO] ThirdParty:1030 - CMSIS Pack Vendor :STMicroelectronics FP-SNS-STBOX1 2.0.0
2024-12-10 12:42:23,374 [INFO] ThirdParty:1030 - CMSIS Pack Vendor :STMicroelectronics X-CUBE-MEMS1 11.0.0
2024-12-10 12:42:23,374 [INFO] ThirdParty:1030 - CMSIS Pack Vendor :STMicroelectronics FreeRTOS 0.0.1
2024-12-10 12:42:23,374 [INFO] ThirdParty:1030 - CMSIS Pack Vendor :STMicroelectronics X-CUBE-AZRTOS-G0 1.1.0
2024-12-10 12:42:23,374 [INFO] ThirdParty:1030 - CMSIS Pack Vendor :STMicroelectronics X-CUBE-SAFEA1 1.2.2
2024-12-10 12:42:23,374 [INFO] ThirdParty:1030 - CMSIS Pack Vendor :STMicroelectronics X-CUBE-NFC4 3.0.0
2024-12-10 12:42:23,374 [INFO] ThirdParty:1030 - CMSIS Pack Vendor :STMicroelectronics X-CUBE-DPower 1.2.0
2024-12-10 12:42:23,374 [INFO] ThirdParty:1030 - CMSIS Pack Vendor :STMicroelectronics X-CUBE-SUBG2 5.0.0
2024-12-10 12:42:23,375 [INFO] ThirdParty:1030 - CMSIS Pack Vendor :STMicroelectronics STM32_WPAN 1.0.0
2024-12-10 12:42:23,375 [INFO] ThirdParty:1030 - CMSIS Pack Vendor :EmbeddedOffice I-CUBE-FS-RTOS 1.0.1
2024-12-10 12:42:23,375 [INFO] ThirdParty:1030 - CMSIS Pack Vendor :STMicroelectronics lwIP 2.0.3
2024-12-10 12:42:23,375 [INFO] ThirdParty:1030 - CMSIS Pack Vendor :STMicroelectronics FP-SNS-FLIGHT1 5.0.2
2024-12-10 12:42:23,375 [INFO] ThirdParty:1030 - CMSIS Pack Vendor :Cesanta I-CUBE-Mongoose 7.13.0
2024-12-10 12:42:23,375 [INFO] ThirdParty:1030 - CMSIS Pack Vendor :STMicroelectronics USB_HOST 1.0.0
2024-12-10 12:42:23,375 [INFO] ThirdParty:1030 - CMSIS Pack Vendor :Infineon AIROC-Wi-Fi-Bluetooth-STM32 1.7.0
2024-12-10 12:42:23,375 [INFO] ThirdParty:1030 - CMSIS Pack Vendor :STMicroelectronics X-CUBE-AI 9.0.0
2024-12-10 12:42:23,375 [INFO] ThirdParty:1030 - CMSIS Pack Vendor :STMicroelectronics X-CUBE-AZRTOS-G4 2.0.0
2024-12-10 12:42:23,375 [INFO] ThirdParty:1030 - CMSIS Pack Vendor :STMicroelectronics PDM2PCM 3.1.0
2024-12-10 12:42:23,375 [INFO] ThirdParty:1030 - CMSIS Pack Vendor :STMicroelectronics PDM2PCM 3.3.0
2024-12-10 12:42:23,375 [INFO] ThirdParty:1030 - CMSIS Pack Vendor :STMicroelectronics X-CUBE-DISPLAY 3.0.0
2024-12-10 12:42:23,375 [INFO] ThirdParty:1030 - CMSIS Pack Vendor :RealThread X-CUBE-RT-Thread_Nano 4.1.1
2024-12-10 12:42:23,375 [INFO] ThirdParty:1030 - CMSIS Pack Vendor :STMicroelectronics X-CUBE-BLE1 7.0.0
2024-12-10 12:42:23,375 [INFO] ThirdParty:1030 - CMSIS Pack Vendor :STMicroelectronics FP-ATR-SIGFOX1 3.2.0
2024-12-10 12:42:23,375 [INFO] ThirdParty:1030 - CMSIS Pack Vendor :STMicroelectronics X-CUBE-NFC10 1.0.0
2024-12-10 12:42:23,375 [INFO] ThirdParty:1030 - CMSIS Pack Vendor :wolfSSL I-CUBE-wolfSSL 5.7.2
2024-12-10 12:42:23,375 [INFO] ThirdParty:1030 - CMSIS Pack Vendor :quantropi X-CUBE-qispace-sdk-base 1.9.3
2024-12-10 12:42:23,375 [INFO] ThirdParty:1030 - CMSIS Pack Vendor :STMicroelectronics X-CUBE-ISPU 2.0.0
2024-12-10 12:42:23,375 [INFO] ThirdParty:1030 - CMSIS Pack Vendor :STMicroelectronics X-CUBE-BLEMGR 4.0.0
2024-12-10 12:42:23,375 [INFO] ThirdParty:1030 - CMSIS Pack Vendor :STMicroelectronics X-CUBE-EEPRMA1 5.1.0
2024-12-10 12:42:23,375 [INFO] ThirdParty:1030 - CMSIS Pack Vendor :STMicroelectronics HAL Drivers 0.0.0
2024-12-10 12:42:23,375 [INFO] ThirdParty:1030 - CMSIS Pack Vendor :STMicroelectronics MBEDTLS 2.16.2
2024-12-10 12:42:23,375 [INFO] ThirdParty:1030 - CMSIS Pack Vendor :STMicroelectronics X-CUBE-ALS 1.0.2
2024-12-10 12:42:23,375 [INFO] ThirdParty:1030 - CMSIS Pack Vendor :emotas I-CUBE-CANOPEN 1.3.0
2024-12-10 12:42:23,376 [INFO] ThirdParty:1030 - CMSIS Pack Vendor :STMicroelectronics X-CUBE-FREERTOS 1.3.0
2024-12-10 12:42:23,376 [INFO] ThirdParty:1030 - CMSIS Pack Vendor :STMicroelectronics X-CUBE-MEMS1 10.0.0
2024-12-10 12:42:23,376 [INFO] ThirdParty:1030 - CMSIS Pack Vendor :wolfSSL I-CUBE-wolfSSL 5.7.4
2024-12-10 12:42:23,376 [INFO] ThirdParty:1030 - CMSIS Pack Vendor :STMicroelectronics X-CUBE-NFC7 1.0.1
2024-12-10 12:42:23,376 [INFO] ThirdParty:1030 - CMSIS Pack Vendor :STMicroelectronics MBEDTLS 2.14.1
2024-12-10 12:42:23,376 [INFO] ThirdParty:1030 - CMSIS Pack Vendor :STMicroelectronics X-CUBE-TOUCHGFX 4.24.0
2024-12-10 12:42:23,376 [INFO] ThirdParty:1030 - CMSIS Pack Vendor :ITTIA_DB I-CUBE-ITTIADB 8.9.0
2024-12-10 12:42:23,376 [INFO] ThirdParty:1030 - CMSIS Pack Vendor :wolfSSL I-CUBE-wolfTPM 3.2.0
2024-12-10 12:42:23,376 [INFO] ThirdParty:1030 - CMSIS Pack Vendor :STMicroelectronics X-CUBE-TOUCHGFX 4.24.1
2024-12-10 12:42:23,376 [INFO] ThirdParty:1030 - CMSIS Pack Vendor :wolfSSL I-CUBE-wolfTPM 3.4.0
2024-12-10 12:42:23,376 [INFO] ThirdParty:1030 - CMSIS Pack Vendor :portGmbH I-Cube-SoM-uGOAL 1.1.0
2024-12-10 12:42:23,376 [INFO] ThirdParty:1030 - CMSIS Pack Vendor :STMicroelectronics X-CUBE-BLEMGR 3.1.0
2024-12-10 12:42:23,376 [INFO] ThirdParty:1030 - CMSIS Pack Vendor :STMicroelectronics ThreadX 1.0.0
2024-12-10 12:42:23,376 [INFO] ThirdParty:1030 - CMSIS Pack Vendor :STMicroelectronics FP-SNS-SMARTAG2 1.2.0
2024-12-10 12:42:23,376 [INFO] ThirdParty:1030 - CMSIS Pack Vendor :STMicroelectronics X-CUBE-AZRTOS-WL 2.0.0
2024-12-10 12:42:23,376 [INFO] ThirdParty:1030 - CMSIS Pack Vendor :SEGGER I-CUBE-embOS 1.3.1
2024-12-10 12:42:23,376 [INFO] ThirdParty:1030 - CMSIS Pack Vendor :STMicroelectronics X-CUBE-ALGOBUILD 1.4.0
2024-12-10 12:42:23,376 [INFO] ThirdParty:1030 - CMSIS Pack Vendor :STMicroelectronics FP-SNS-MOTENV1 5.0.0
2024-12-10 12:42:23,376 [INFO] ThirdParty:1030 - CMSIS Pack Vendor :STMicroelectronics USB_DEVICE 1.0.0
2024-12-10 12:42:23,376 [INFO] ThirdParty:1030 - CMSIS Pack Vendor :STMicroelectronics X-CUBE-AZRTOS-H7RS 1.0.0
2024-12-10 12:42:23,376 [INFO] ThirdParty:1030 - CMSIS Pack Vendor :wolfSSL I-CUBE-wolfMQTT 1.19.0
2024-12-10 12:42:23,376 [INFO] ThirdParty:1030 - CMSIS Pack Vendor :STMicroelectronics X-CUBE-AZRTOS-L4 2.0.0
2024-12-10 12:42:23,376 [INFO] ThirdParty:1030 - CMSIS Pack Vendor :STMicroelectronics ThreadX 0.0.2
2024-12-10 12:42:23,376 [INFO] ThirdParty:1030 - CMSIS Pack Vendor :WES I-CUBE-Cesium 1.3.0
2024-12-10 12:42:23,376 [INFO] ThirdParty:1030 - CMSIS Pack Vendor :STMicroelectronics FP-ATR-ASTRA1 2.0.0
2024-12-10 12:42:23,376 [INFO] ThirdParty:1030 - CMSIS Pack Vendor :STMicroelectronics lwIP 2.1.2
2024-12-10 12:42:23,376 [INFO] ThirdParty:1030 - CMSIS Pack Vendor :STMicroelectronics X-CUBE-SFXS2LP1 4.0.0
2024-12-10 12:42:23,376 [INFO] ThirdParty:1030 - CMSIS Pack Vendor :STMicroelectronics X-CUBE-BLE2 3.3.0
2024-12-10 12:42:23,376 [INFO] ThirdParty:1030 - CMSIS Pack Vendor :STMicroelectronics X-CUBE-TOF1 3.4.2
2024-12-10 12:42:23,376 [INFO] ThirdParty:1030 - CMSIS Pack Vendor :STMicroelectronics X-CUBE-AI 9.1.0
2024-12-10 12:42:23,376 [INFO] ThirdParty:1030 - CMSIS Pack Vendor :Infineon AIROC-Wi-Fi-Bluetooth-STM32 1.6.1
2024-12-10 12:42:23,376 [INFO] ThirdParty:1030 - CMSIS Pack Vendor :STMicroelectronics X-CUBE-AZRTOS-H7 3.2.0
2024-12-10 12:42:23,376 [INFO] ThirdParty:1030 - CMSIS Pack Vendor :STMicroelectronics PDM2PCM 3.2.0
2024-12-10 12:42:23,376 [INFO] ThirdParty:1030 - CMSIS Pack Vendor :wolfSSL I-CUBE-wolfSSH 1.4.17
2024-12-10 12:42:23,376 [INFO] ThirdParty:841 - exiting critical section [change project]
2024-12-10 12:42:23,615 [INFO] PinOutPanel:1561 - setPackage(No Configuration,No Configuration)
2024-12-10 12:42:23,619 [INFO] PinOutPanel:1561 - setPackage(STM32G0B1RETx,LQFP64)
2024-12-10 12:42:24,349 [INFO] UtilMem:75 - Before build in PCC Used Memory: 675119104 Bytes (1073741824)
2024-12-10 12:42:24,809 [INFO] UtilMem:75 - After build in PCC Used Memory: 752713728 Bytes (1073741824)
2024-12-10 12:42:24,853 [INFO] IPUIPlugin:80 - create IPUIPlugin
2024-12-10 12:42:24,854 [INFO] IPUIPlugin:80 - create IPUIPlugin
2024-12-10 12:42:24,854 [INFO] IPUIPlugin:80 - create IPUIPlugin
2024-12-10 12:42:24,854 [INFO] IPUIPlugin:80 - create IPUIPlugin
2024-12-10 12:42:24,855 [INFO] IPUIPlugin:80 - create IPUIPlugin
2024-12-10 12:42:24,855 [INFO] IPUIPlugin:80 - create IPUIPlugin
2024-12-10 12:42:24,855 [INFO] IPUIPlugin:80 - create IPUIPlugin
2024-12-10 12:42:24,856 [INFO] IPUIPlugin:80 - create IPUIPlugin
2024-12-10 12:42:24,856 [INFO] IPUIPlugin:80 - create IPUIPlugin
2024-12-10 12:42:24,856 [INFO] IPUIPlugin:80 - create IPUIPlugin
2024-12-10 12:42:24,856 [INFO] IPUIPlugin:80 - create IPUIPlugin
2024-12-10 12:42:24,857 [INFO] IPUIPlugin:80 - create IPUIPlugin
2024-12-10 12:42:24,857 [INFO] IPUIPlugin:80 - create IPUIPlugin
2024-12-10 12:42:24,857 [INFO] IPUIPlugin:80 - create IPUIPlugin
2024-12-10 12:42:24,857 [INFO] IPUIPlugin:80 - create IPUIPlugin
2024-12-10 12:42:24,857 [INFO] IPUIPlugin:80 - create IPUIPlugin
2024-12-10 12:42:24,858 [INFO] IPUIPlugin:80 - create IPUIPlugin
2024-12-10 12:42:24,858 [INFO] IPUIPlugin:80 - create IPUIPlugin
2024-12-10 12:42:24,858 [INFO] IPUIPlugin:80 - create IPUIPlugin
2024-12-10 12:42:24,858 [INFO] IPUIPlugin:80 - create IPUIPlugin
2024-12-10 12:42:24,859 [INFO] IPUIPlugin:80 - create IPUIPlugin
2024-12-10 12:42:24,859 [INFO] IPUIPlugin:80 - create IPUIPlugin
2024-12-10 12:42:24,859 [INFO] IPUIPlugin:80 - create IPUIPlugin
2024-12-10 12:42:24,860 [INFO] IPUIPlugin:80 - create IPUIPlugin
2024-12-10 12:42:24,860 [INFO] IPUIPlugin:80 - create IPUIPlugin
2024-12-10 12:42:24,860 [INFO] IPUIPlugin:80 - create IPUIPlugin
2024-12-10 12:42:24,860 [INFO] IPUIPlugin:80 - create IPUIPlugin
2024-12-10 12:42:24,860 [INFO] IPUIPlugin:80 - create IPUIPlugin
2024-12-10 12:42:24,862 [INFO] IPUIPlugin:80 - create IPUIPlugin
2024-12-10 12:42:24,862 [INFO] IPUIPlugin:80 - create IPUIPlugin
2024-12-10 12:42:24,862 [INFO] IPUIPlugin:80 - create IPUIPlugin
2024-12-10 12:42:24,862 [INFO] IPUIPlugin:80 - create IPUIPlugin
2024-12-10 12:42:24,863 [INFO] IPUIPlugin:80 - create IPUIPlugin
2024-12-10 12:42:24,863 [INFO] IPUIPlugin:80 - create IPUIPlugin
2024-12-10 12:42:24,863 [INFO] IPUIPlugin:80 - create IPUIPlugin
2024-12-10 12:42:24,864 [INFO] IPUIPlugin:80 - create IPUIPlugin
2024-12-10 12:42:24,864 [INFO] IPUIPlugin:80 - create IPUIPlugin
2024-12-10 12:42:24,864 [INFO] IPUIPlugin:80 - create IPUIPlugin
2024-12-10 12:42:24,864 [INFO] IPUIPlugin:80 - create IPUIPlugin
2024-12-10 12:42:24,865 [INFO] IPUIPlugin:80 - create IPUIPlugin
2024-12-10 12:42:24,865 [INFO] IPUIPlugin:80 - create IPUIPlugin
2024-12-10 12:42:24,866 [INFO] IPUIPlugin:80 - create IPUIPlugin
2024-12-10 12:42:24,866 [INFO] IPUIPlugin:80 - create IPUIPlugin
2024-12-10 12:42:24,867 [INFO] IPUIPlugin:80 - create IPUIPlugin
2024-12-10 12:42:24,867 [INFO] IPUIPlugin:80 - create IPUIPlugin
2024-12-10 12:42:24,868 [INFO] IPUIPlugin:80 - create IPUIPlugin
2024-12-10 12:42:24,868 [INFO] IPUIPlugin:80 - create IPUIPlugin
2024-12-10 12:42:24,868 [INFO] IPUIPlugin:80 - create IPUIPlugin
2024-12-10 12:42:24,869 [INFO] IPUIPlugin:80 - create IPUIPlugin
2024-12-10 12:42:24,869 [INFO] IPUIPlugin:80 - create IPUIPlugin
2024-12-10 12:42:24,870 [INFO] IPUIPlugin:80 - create IPUIPlugin
2024-12-10 12:42:24,871 [INFO] IPUIPlugin:80 - create IPUIPlugin
2024-12-10 12:42:24,873 [INFO] IPUIPlugin:80 - create IPUIPlugin
2024-12-10 12:42:24,874 [INFO] IPUIPlugin:80 - create IPUIPlugin
2024-12-10 12:42:24,875 [INFO] IPUIPlugin:80 - create IPUIPlugin
2024-12-10 12:42:24,876 [INFO] IPUIPlugin:80 - create IPUIPlugin
2024-12-10 12:42:25,051 [INFO] CADModel:165 - CPN selected for project levelSTM32G0B1RET6
2024-12-10 12:42:25,051 [INFO] CADModel:114 - Register for checkConnection events
2024-12-10 12:42:25,112 [INFO] OpenFileManager:363 - Restore cursor
2024-12-10 12:42:25,913 [INFO] UtilMem:75 - End SaveConfig() Used Memory: 889084760 Bytes (1073741824)
2024-12-10 12:42:26,118 [INFO] UtilMem:75 - End SaveConfig() Used Memory: 916347336 Bytes (1073741824)
2024-12-10 12:42:27,369 [INFO] BlockDiagram:2766 - set Specific Code input for plugin: SYS
2024-12-10 12:42:27,369 [INFO] BlockDiagram:2766 - set Specific Code input for plugin: RCC
2024-12-10 12:42:27,369 [INFO] BlockDiagram:2766 - set Specific Code input for plugin: NVIC
2024-12-10 12:42:27,369 [INFO] BlockDiagram:2766 - set Specific Code input for plugin: USART
2024-12-10 12:42:27,370 [INFO] BlockDiagram:2766 - set Specific Code input for plugin: GPIO
2024-12-10 12:42:27,373 [INFO] CodeGenerator:807 - code generatio: config db path: C:\ST\STM32CubeIDE_1.16.0\STM32CubeIDE\plugins\com.st.stm32cube.common.mx_6.12.0.202406281431\\db\
2024-12-10 12:42:27,838 [INFO] CodeEngine:255 - oldGeneratedFile, C:\Users\lagoeirl\STM32CubeIDE\USB\USB_TEST\MXTmpFiles\license.tmp_save
2024-12-10 12:42:28,429 [INFO] CodeEngine:279 - Generated code: C:\Users\lagoeirl\STM32CubeIDE\USB\USB_TEST\MXTmpFiles\license.tmp
2024-12-10 12:42:28,605 [INFO] CodeEngine:255 - oldGeneratedFile, C:\Users\lagoeirl\STM32CubeIDE\USB\USB_TEST\MXTmpFiles\gpio.tmp_save
2024-12-10 12:42:28,870 [INFO] CodeEngine:279 - Generated code: C:\Users\lagoeirl\STM32CubeIDE\USB\USB_TEST\MXTmpFiles\gpio.tmp
2024-12-10 12:42:29,156 [INFO] CodeEngine:255 - oldGeneratedFile, C:\Users\lagoeirl\STM32CubeIDE\USB\USB_TEST\Core\Src\stm32g0xx_it.c_save
2024-12-10 12:42:29,408 [INFO] CodeEngine:279 - Generated code: C:\Users\lagoeirl\STM32CubeIDE\USB\USB_TEST\Core\Src\stm32g0xx_it.c
2024-12-10 12:42:29,438 [INFO] CodeEngine:255 - oldGeneratedFile, C:\Users\lagoeirl\STM32CubeIDE\USB\USB_TEST\Core\Inc\stm32g0xx_it.h_save
2024-12-10 12:42:29,598 [INFO] CodeEngine:279 - Generated code: C:\Users\lagoeirl\STM32CubeIDE\USB\USB_TEST\Core\Inc\stm32g0xx_it.h
2024-12-10 12:42:29,651 [INFO] CodeEngine:255 - oldGeneratedFile, C:\Users\lagoeirl\STM32CubeIDE\USB\USB_TEST\Core\Src\stm32g0xx_hal_msp.c_save
2024-12-10 12:42:29,918 [INFO] CodeEngine:279 - Generated code: C:\Users\lagoeirl\STM32CubeIDE\USB\USB_TEST\Core\Src\stm32g0xx_hal_msp.c
2024-12-10 12:42:29,948 [INFO] CodeEngine:255 - oldGeneratedFile, C:\Users\lagoeirl\STM32CubeIDE\USB\USB_TEST\MXTmpFiles\system.tmp_save
2024-12-10 12:42:30,074 [INFO] CodeEngine:279 - Generated code: C:\Users\lagoeirl\STM32CubeIDE\USB\USB_TEST\MXTmpFiles\system.tmp
2024-12-10 12:42:30,122 [INFO] CodeEngine:311 - oldGeneratedFile, C:\Users\lagoeirl\STM32CubeIDE\USB\USB_TEST\Core\Inc\stm32g0xx_hal_conf.h_save
2024-12-10 12:42:30,344 [INFO] CodeEngine:335 - Generated code: C:\Users\lagoeirl\STM32CubeIDE\USB\USB_TEST\Core\Inc\stm32g0xx_hal_conf.h
2024-12-10 12:42:30,489 [INFO] CodeEngine:255 - oldGeneratedFile, C:\Users\lagoeirl\STM32CubeIDE\USB\USB_TEST\Core\Inc\main.h_save
2024-12-10 12:42:30,791 [INFO] CodeEngine:279 - Generated code: C:\Users\lagoeirl\STM32CubeIDE\USB\USB_TEST\Core\Inc\main.h
2024-12-10 12:42:30,831 [INFO] CodeEngine:255 - oldGeneratedFile, C:\Users\lagoeirl\STM32CubeIDE\USB\USB_TEST\Core\Src\main.c_save
2024-12-10 12:42:31,140 [INFO] CodeEngine:279 - Generated code: C:\Users\lagoeirl\STM32CubeIDE\USB\USB_TEST\Core\Src\main.c
2024-12-10 12:42:32,014 [INFO] ProjectBuilder:3249 - Time for Copy HAL[1] : 476mS.
2024-12-10 12:42:32,029 [INFO] ProjectBuilder:4828 - Project Generator version: 4.4.0-B60
2024-12-10 12:42:32,210 [INFO] ConfigFileManager:1531 - The Die is : DIE467
2024-12-10 12:42:32,234 [INFO] ApiDbMcu:508 - Load IP Config File for FATFS
2024-12-10 12:42:32,260 [INFO] ApiDbMcu:508 - Load IP Config File for FREERTOS
2024-12-10 12:42:32,292 [INFO] ApiDbMcu:508 - Load IP Config File for USBPD
2024-12-10 12:42:32,324 [INFO] ApiDbMcu:508 - Load IP Config File for USB_Device
2024-12-10 12:42:32,346 [INFO] ApiDbMcu:508 - Load IP Config File for USB_Host
2024-12-10 12:42:34,373 [INFO] LogOutputStream:77 - [STDOUT_REDIRECT] 
2024-12-10 12:42:40,151 [INFO] ProjectBuilder:5097 - Time for Generating toolchain IDE Files: 8122mS.
2024-12-10 12:42:40,154 [INFO] ProjectBuilder:3107 - Time for Copy CMSIS : 1mS.
2024-12-10 12:42:40,157 [INFO] ProjectBuilder:3107 - Time for Copy CMSIS : 0mS.
2024-12-10 12:42:43,522 [INFO] McuFinderGlobals:76 - Set McuFinderConnectedMode to true
2024-12-10 12:42:43,713 [INFO] ApiDb:448 - Save user favorites file C:\Users\lagoeirl/.stm32cubeide/favorites.mcus.txt: 0 item(s)
2024-12-10 12:42:43,713 [INFO] ApiDb:452 - User favorites MCUs=[]
2024-12-10 12:42:43,714 [INFO] ApiDb:448 - Save user favorites file C:\Users\lagoeirl/.stm32cubeide/favorites.boards.txt: 1 item(s)
2024-12-10 12:42:43,714 [INFO] ApiDb:452 - User favorites Boards=[NUCLEO-G070RB]
2024-12-10 12:44:58,432 [INFO] MainUpdater:2873 - connection check result : 10
2024-12-10 12:44:58,433 [INFO] MainUpdater:2873 - connection check result : 10
2024-12-10 12:45:00,490 [INFO] MicroXplorer:468 - Change Database Path : 
2024-12-10 12:45:00,491 [INFO] MicroXplorer:498 - Change Database Version : DB.6.0.120
2024-12-10 12:45:00,584 [ERROR] ProjectManagerView:394 - 
java.lang.NullPointerException: Cannot invoke "javax.swing.JTextField.getText()" because the return value of "java.util.List.get(int)" is null
	at com.st.microxplorer.plugins.projectmanager.gui.ProjectChoiceTab$10.caretUpdate(ProjectChoiceTab.java:2622) ~[filemanager.jar:?]
	at javax.swing.text.JTextComponent.fireCaretUpdate(JTextComponent.java:412) ~[?:?]
	at javax.swing.text.JTextComponent$MutableCaretEvent.fire(JTextComponent.java:4491) ~[?:?]
	at javax.swing.text.JTextComponent$MutableCaretEvent.stateChanged(JTextComponent.java:4513) ~[?:?]
	at javax.swing.text.DefaultCaret.fireStateChanged(DefaultCaret.java:842) ~[?:?]
	at javax.swing.text.DefaultCaret.changeCaretPosition(DefaultCaret.java:1313) ~[?:?]
	at javax.swing.text.DefaultCaret.handleSetDot(DefaultCaret.java:1212) ~[?:?]
	at javax.swing.text.DefaultCaret.setDot(DefaultCaret.java:1193) ~[?:?]
	at javax.swing.text.DefaultCaret$Handler.insertUpdate(DefaultCaret.java:1789) ~[?:?]
	at javax.swing.text.AbstractDocument.fireInsertUpdate(AbstractDocument.java:226) ~[?:?]
	at javax.swing.text.AbstractDocument.handleInsertString(AbstractDocument.java:780) ~[?:?]
	at javax.swing.text.AbstractDocument.insertString(AbstractDocument.java:739) ~[?:?]
	at javax.swing.text.PlainDocument.insertString(PlainDocument.java:131) ~[?:?]
	at javax.swing.text.AbstractDocument.replace(AbstractDocument.java:698) ~[?:?]
	at javax.swing.text.JTextComponent.setText(JTextComponent.java:1729) ~[?:?]
	at com.st.microxplorer.plugins.projectmanager.gui.ProjectChoiceTab.createHeapStackFields(ProjectChoiceTab.java:972) ~[filemanager.jar:?]
	at com.st.microxplorer.plugins.projectmanager.gui.ProjectChoiceTab.buildLinkSettingsPanel(ProjectChoiceTab.java:3597) ~[filemanager.jar:?]
	at com.st.microxplorer.plugins.projectmanager.gui.ProjectChoiceTab.defineWindowsFields(ProjectChoiceTab.java:1940) ~[filemanager.jar:?]
	at com.st.microxplorer.plugins.projectmanager.gui.ProjectChoiceTab.updateSettings(ProjectChoiceTab.java:550) ~[filemanager.jar:?]
	at com.st.microxplorer.plugins.projectmanager.gui.ProjectSettingsPanel.UpdateDialog(ProjectSettingsPanel.java:245) ~[filemanager.jar:?]
	at com.st.microxplorer.plugins.projectmanager.ProjectManagerView.propertyChange(ProjectManagerView.java:391) ~[filemanager.jar:?]
	at java.beans.PropertyChangeSupport.fire(PropertyChangeSupport.java:343) ~[?:?]
	at java.beans.PropertyChangeSupport.firePropertyChange(PropertyChangeSupport.java:335) ~[?:?]
	at java.beans.PropertyChangeSupport.firePropertyChange(PropertyChangeSupport.java:268) ~[?:?]
	at com.st.microxplorer.util.MXPropertyChangeSupport.firePropertyChange(MXPropertyChangeSupport.java:54) ~[STM32CubeMX.jar:?]
	at com.st.microxplorer.mxsystem.MxSystem.closeConfig(MxSystem.java:900) ~[STM32CubeMX.jar:?]
	at com.st.microxplorer.maingui.MainPanel.closeConfig(MainPanel.java:781) ~[STM32CubeMX.jar:?]
	at com.st.microxplorer.plugins.filemanager.engine.OpenFileManager.loadConfigurationFile(OpenFileManager.java:265) ~[filemanager.jar:?]
	at com.st.microxplorer.plugins.filemanager.engine.MainFileManager.userLoadConfig(MainFileManager.java:352) ~[filemanager.jar:?]
	at com.st.microxplorer.plugins.filemanager.engine.MainFileManager.userLoadConfig(MainFileManager.java:330) ~[filemanager.jar:?]
	at com.st.microxplorer.plugins.filemanager.FileManagerView.getSpecificTask(FileManagerView.java:246) ~[filemanager.jar:?]
	at com.st.stm32cube.common.mx.editor.CubeMxEditor.getMxTabbedPaneInstance(CubeMxEditor.java:1198) ~[com.st.stm32cube.common.mx_6.12.0.202406281431/:?]
	at com.st.stm32cube.common.mx.editor.CubeMxEditor$12$1.createSwingComponent(CubeMxEditor.java:1068) ~[com.st.stm32cube.common.mx_6.12.0.202406281431/:?]
	at com.st.stm32cube.common.mx.oss.core.awtswtbridge.EmbeddedSwingComposite.doComponentCreation(EmbeddedSwingComposite.java:492) ~[com.st.stm32cube.common.mx.oss_6.12.0.202406281431/:?]
	at com.st.stm32cube.common.mx.oss.core.awtswtbridge.EmbeddedSwingComposite$4.run(EmbeddedSwingComposite.java:291) ~[com.st.stm32cube.common.mx.oss_6.12.0.202406281431/:?]
	at com.st.stm32cube.common.mx.oss.core.awtswtbridge.AwtEnvironment$2.run(AwtEnvironment.java:166) ~[com.st.stm32cube.common.mx.oss_6.12.0.202406281431/:?]
	at java.awt.event.InvocationEvent.dispatch(InvocationEvent.java:318) ~[?:?]
	at java.awt.EventQueue.dispatchEventImpl(EventQueue.java:773) ~[?:?]
	at java.awt.EventQueue$4.run(EventQueue.java:720) ~[?:?]
	at java.awt.EventQueue$4.run(EventQueue.java:714) ~[?:?]
	at java.security.AccessController.doPrivileged(AccessController.java:399) ~[?:?]
	at java.security.ProtectionDomain$JavaSecurityAccessImpl.doIntersectionPrivilege(ProtectionDomain.java:86) ~[?:?]
	at java.awt.EventQueue.dispatchEvent(EventQueue.java:742) ~[?:?]
	at java.awt.EventDispatchThread.pumpOneEventForFilters(EventDispatchThread.java:203) ~[?:?]
	at java.awt.EventDispatchThread.pumpEventsForFilter(EventDispatchThread.java:124) ~[?:?]
	at java.awt.EventDispatchThread.pumpEventsForHierarchy(EventDispatchThread.java:113) ~[?:?]
	at java.awt.EventDispatchThread.pumpEvents(EventDispatchThread.java:109) ~[?:?]
	at java.awt.EventDispatchThread.pumpEvents(EventDispatchThread.java:101) ~[?:?]
	at java.awt.EventDispatchThread.run(EventDispatchThread.java:90) ~[?:?]
2024-12-10 12:45:00,602 [WARN] ThirdParty:871 - waiting for thirdparty lock release [close project]
2024-12-10 12:45:00,602 [INFO] ThirdParty:873 - entering critical section [close project]
2024-12-10 12:45:00,604 [INFO] ThirdParty:883 - exiting critical section [close project]
2024-12-10 12:45:00,608 [INFO] PinOutPanel:1561 - setPackage(No Configuration,No Configuration)
2024-12-10 12:45:00,632 [INFO] UtilMem:75 - Begin LoadConfig() Used Memory: 548798312 Bytes (1073741824)
2024-12-10 12:45:00,640 [INFO] MicroXplorer:468 - Change Database Path : 
2024-12-10 12:45:00,640 [INFO] MicroXplorer:498 - Change Database Version : DB.6.0.120
2024-12-10 12:45:00,640 [INFO] OpenFileManager:332 - Change cursor
2024-12-10 12:45:00,745 [INFO] RulesReader:64 - Compatibility file has been processed (297 Rules)
2024-12-10 12:45:00,808 [INFO] Mcu:2032 - Initializing MCU STM32L4R5Z(G-I)Tx STM32L4R5ZITx STM32L4R5ZIT6
2024-12-10 12:45:11,243 [INFO] Context:742 - Trying to add GPIOservice into a context  which must be forbidden
2024-12-10 12:45:12,807 [INFO] RtosManager:555 - Registered RTOS mode: class=CMSIS, group=RTOS, mode=CMSIS_V1, owner=FREERTOS
2024-12-10 12:45:12,808 [INFO] RtosManager:555 - Registered RTOS mode: class=CMSIS, group=RTOS2, mode=CMSIS_V2, owner=FREERTOS
2024-12-10 12:45:12,808 [INFO] RtosManager:555 - Registered RTOS mode: class=RTOS, group=Core, mode=CMSIS_V1, owner=FREERTOS
2024-12-10 12:45:12,808 [INFO] RtosManager:555 - Registered RTOS mode: class=RTOS, group=Core, mode=CMSIS_V2, owner=FREERTOS
2024-12-10 12:45:12,809 [WARN] ModelIntegratedComponent:184 - Missing modes for component STMicroelectronics:FreeRTOS:0.0.1:STMicroelectronics:RTOS:FreeRTOS:Core:::10.2.0:
2024-12-10 12:45:12,826 [WARN] ModelIntegratedComponent:63 - No mode defined for component null
2024-12-10 12:45:12,827 [WARN] ModelIntegratedComponent:63 - No mode defined for component null
2024-12-10 12:45:12,827 [WARN] ModelIntegratedComponent:63 - No mode defined for component null
2024-12-10 12:45:12,827 [WARN] ModelIntegratedComponent:63 - No mode defined for component null
2024-12-10 12:45:12,827 [WARN] ModelIntegratedComponent:63 - No mode defined for component null
2024-12-10 12:45:12,827 [WARN] ModelIntegratedComponent:63 - No mode defined for component null
2024-12-10 12:45:12,827 [WARN] ModelIntegratedComponent:63 - No mode defined for component null
2024-12-10 12:45:12,827 [WARN] ModelIntegratedComponent:63 - No mode defined for component null
2024-12-10 12:45:12,827 [WARN] ModelIntegratedComponent:63 - No mode defined for component null
2024-12-10 12:45:12,827 [WARN] ModelIntegratedComponent:63 - No mode defined for component null
2024-12-10 12:45:12,827 [WARN] ModelIntegratedComponent:63 - No mode defined for component null
2024-12-10 12:45:12,827 [WARN] ModelIntegratedComponent:63 - No mode defined for component null
2024-12-10 12:45:12,827 [WARN] ModelIntegratedComponent:63 - No mode defined for component null
2024-12-10 12:45:12,827 [WARN] ModelIntegratedComponent:63 - No mode defined for component null
2024-12-10 12:45:12,827 [WARN] ModelIntegratedComponent:63 - No mode defined for component null
2024-12-10 12:45:12,827 [WARN] ModelIntegratedComponent:63 - No mode defined for component null
2024-12-10 12:45:12,827 [WARN] ModelIntegratedComponent:63 - No mode defined for component null
2024-12-10 12:45:12,827 [WARN] ModelIntegratedComponent:63 - No mode defined for component null
2024-12-10 12:45:12,827 [WARN] ModelIntegratedComponent:63 - No mode defined for component null
2024-12-10 12:45:12,827 [WARN] ModelIntegratedComponent:63 - No mode defined for component null
2024-12-10 12:45:12,827 [WARN] ModelIntegratedComponent:63 - No mode defined for component null
2024-12-10 12:45:12,827 [WARN] ModelIntegratedComponent:63 - No mode defined for component null
2024-12-10 12:45:12,827 [WARN] ModelIntegratedComponent:63 - No mode defined for component null
2024-12-10 12:45:12,828 [WARN] ModelIntegratedComponent:63 - No mode defined for component null
2024-12-10 12:45:12,828 [WARN] ModelIntegratedComponent:63 - No mode defined for component null
2024-12-10 12:45:12,828 [WARN] ModelIntegratedComponent:63 - No mode defined for component null
2024-12-10 12:45:12,828 [WARN] ModelIntegratedComponent:63 - No mode defined for component null
2024-12-10 12:45:12,828 [WARN] ModelIntegratedComponent:63 - No mode defined for component null
2024-12-10 12:45:12,828 [WARN] ModelIntegratedComponent:63 - No mode defined for component null
2024-12-10 12:45:12,829 [WARN] ModelIntegratedComponent:63 - No mode defined for component null
2024-12-10 12:45:12,829 [WARN] ModelIntegratedComponent:63 - No mode defined for component null
2024-12-10 12:45:12,829 [WARN] ModelIntegratedComponent:63 - No mode defined for component null
2024-12-10 12:45:12,829 [WARN] ModelIntegratedComponent:63 - No mode defined for component null
2024-12-10 12:45:12,829 [WARN] ModelIntegratedComponent:63 - No mode defined for component null
2024-12-10 12:45:12,829 [WARN] ModelIntegratedComponent:63 - No mode defined for component null
2024-12-10 12:45:12,829 [WARN] ModelPack:524 - Component already loaded: STMicroelectronics:HAL Drivers:0.0.0:STMicroelectronics:Device:STMicro_Driver:XSPI:HAL::0.0.1:HAL_XSPI
2024-12-10 12:45:12,997 [INFO] ThirdPartyModel:298 - Start build external matchings
2024-12-10 12:45:13,835 [INFO] ThirdPartyModel:316 - End build external matchings
2024-12-10 12:45:13,856 [INFO] ImportTextPane:205 - (OptionalMessage_ERROR) IP (RCC) : Invalid parameter (48MHZClocksFreq_Value)
2024-12-10 12:45:13,858 [INFO] ImportTextPane:205 - (OptionalMessage_ERROR) IP (RCC) : Invalid parameter (ADC12outputFreq_Value)
2024-12-10 12:45:13,858 [INFO] ImportTextPane:205 - (OptionalMessage_ERROR) IP (RCC) : Invalid parameter (ADC34outputFreq_Value)
2024-12-10 12:45:13,858 [INFO] ImportTextPane:205 - (OptionalMessage_ERROR) IP (RCC) : Invalid parameter (DFSDM2Freq_Value)
2024-12-10 12:45:13,858 [INFO] ImportTextPane:205 - (OptionalMessage_ERROR) IP (RCC) : Invalid parameter (EthernetFreq_Value)
2024-12-10 12:45:13,858 [INFO] ImportTextPane:205 - (OptionalMessage_ERROR) IP (RCC) : Invalid parameter (FMPI2C1Freq_Value)
2024-12-10 12:45:13,858 [INFO] ImportTextPane:205 - (OptionalMessage_ERROR) IP (RCC) : Invalid parameter (FamilyName)
2024-12-10 12:45:13,858 [INFO] ImportTextPane:205 - (OptionalMessage_ERROR) IP (RCC) : Invalid parameter (I2S1Freq_Value)
2024-12-10 12:45:13,858 [INFO] ImportTextPane:205 - (OptionalMessage_ERROR) IP (RCC) : Invalid parameter (I2S2Freq_Value)
2024-12-10 12:45:13,858 [INFO] ImportTextPane:205 - (OptionalMessage_ERROR) IP (RCC) : Invalid parameter (I2SClocksFreq_Value)
2024-12-10 12:45:13,858 [INFO] ImportTextPane:205 - (OptionalMessage_ERROR) IP (RCC) : Invalid parameter (LPTimerFreq_Value)
2024-12-10 12:45:13,858 [INFO] ImportTextPane:205 - (OptionalMessage_ERROR) IP (RCC) : Invalid parameter (MCO2PinFreq_Value)
2024-12-10 12:45:13,858 [INFO] ImportTextPane:205 - (OptionalMessage_ERROR) IP (RCC) : Invalid parameter (MCOFreq_Value)
2024-12-10 12:45:13,858 [INFO] ImportTextPane:205 - (OptionalMessage_ERROR) IP (RCC) : Invalid parameter (PLLCLKFreq_Value)
2024-12-10 12:45:13,858 [INFO] ImportTextPane:205 - (OptionalMessage_ERROR) IP (RCC) : Parameter (PLLDSIVCOFreq_Value) has invalid value (320000000)
2024-12-10 12:45:13,858 [INFO] ImportTextPane:205 - (OptionalMessage_ERROR) IP (RCC) : Invalid parameter (PLLI2SPCLKFreq_Value)
2024-12-10 12:45:13,859 [INFO] ImportTextPane:205 - (OptionalMessage_ERROR) IP (RCC) : Invalid parameter (PLLI2SQCLKFreq_Value)
2024-12-10 12:45:13,859 [INFO] ImportTextPane:205 - (OptionalMessage_ERROR) IP (RCC) : Invalid parameter (PLLI2SQoutputFreq_Value)
2024-12-10 12:45:13,859 [INFO] ImportTextPane:205 - (OptionalMessage_ERROR) IP (RCC) : Invalid parameter (PLLI2SRCLKFreq_Value)
2024-12-10 12:45:13,859 [INFO] ImportTextPane:205 - (OptionalMessage_ERROR) IP (RCC) : Invalid parameter (PLLI2SoutputFreq_Value)
2024-12-10 12:45:13,859 [INFO] ImportTextPane:205 - (OptionalMessage_ERROR) IP (RCC) : Invalid parameter (PLLMCOFreq_Value)
2024-12-10 12:45:13,859 [INFO] ImportTextPane:205 - (OptionalMessage_ERROR) IP (RCC) : Invalid parameter (PLLMUL)
2024-12-10 12:45:13,859 [INFO] ImportTextPane:205 - (OptionalMessage_ERROR) IP (RCC) : Invalid parameter (PLLQCLKFreq_Value)
2024-12-10 12:45:13,860 [INFO] ImportTextPane:205 - (OptionalMessage_ERROR) IP (RCC) : Invalid parameter (PLLRoutputFreq_Value)
2024-12-10 12:45:13,860 [INFO] ImportTextPane:205 - (OptionalMessage_ERROR) IP (RCC) : Invalid parameter (PRESCALERUSB)
2024-12-10 12:45:13,860 [INFO] ImportTextPane:205 - (OptionalMessage_ERROR) IP (RCC) : Invalid parameter (RTCHSEDivFreq_Value)
2024-12-10 12:45:13,860 [INFO] ImportTextPane:205 - (OptionalMessage_ERROR) IP (RCC) : Invalid parameter (SAI1AFreq_Value)
2024-12-10 12:45:13,860 [INFO] ImportTextPane:205 - (OptionalMessage_ERROR) IP (RCC) : Invalid parameter (SAI1BFreq_Value)
2024-12-10 12:45:13,860 [INFO] ImportTextPane:205 - (OptionalMessage_ERROR) IP (RCC) : Invalid parameter (SDIOFreq_Value)
2024-12-10 12:45:13,860 [INFO] ImportTextPane:205 - (OptionalMessage_ERROR) IP (RCC) : Invalid parameter (SYSCLKSourceVirtual)
2024-12-10 12:45:13,860 [INFO] ImportTextPane:205 - (OptionalMessage_ERROR) IP (RCC) : Invalid parameter (TIM15Freq_Value)
2024-12-10 12:45:13,860 [INFO] ImportTextPane:205 - (OptionalMessage_ERROR) IP (RCC) : Invalid parameter (TIM16Freq_Value)
2024-12-10 12:45:13,860 [INFO] ImportTextPane:205 - (OptionalMessage_ERROR) IP (RCC) : Invalid parameter (TIM17Freq_Value)
2024-12-10 12:45:13,860 [INFO] ImportTextPane:205 - (OptionalMessage_ERROR) IP (RCC) : Invalid parameter (TIM1Freq_Value)
2024-12-10 12:45:13,861 [INFO] ImportTextPane:205 - (OptionalMessage_ERROR) IP (RCC) : Invalid parameter (TIM20Freq_Value)
2024-12-10 12:45:13,861 [INFO] ImportTextPane:205 - (OptionalMessage_ERROR) IP (RCC) : Invalid parameter (TIM2Freq_Value)
2024-12-10 12:45:13,861 [INFO] ImportTextPane:205 - (OptionalMessage_ERROR) IP (RCC) : Invalid parameter (TIM3Freq_Value)
2024-12-10 12:45:13,861 [INFO] ImportTextPane:205 - (OptionalMessage_ERROR) IP (RCC) : Invalid parameter (TIM8Freq_Value)
2024-12-10 12:45:13,861 [INFO] ImportTextPane:205 - (OptionalMessage_ERROR) IP (RCC) : Invalid parameter (VCOI2SInputFreq_Value)
2024-12-10 12:45:13,861 [INFO] ImportTextPane:205 - (OptionalMessage_ERROR) IP (RCC) : Invalid parameter (VCOI2SOutputFreq_Value)
2024-12-10 12:45:13,861 [INFO] ImportTextPane:205 - (OptionalMessage_ERROR) IP (RCC) : Invalid parameter (VCOInputMFreq_Value)
2024-12-10 12:45:13,861 [INFO] ImportTextPane:205 - (OptionalMessage_ERROR) IP (RCC) : Invalid parameter (VCOOutput2Freq_Value)
2024-12-10 12:45:13,861 [INFO] ImportTextPane:205 - (OptionalMessage_ERROR) IP (RCC) : Invalid parameter (VcooutputI2S)
2024-12-10 12:45:14,657 [INFO] UtilMem:75 - End LoadConfig() Used Memory: 777641088 Bytes (1073741824)
2024-12-10 12:45:14,695 [WARN] ThirdParty:833 - waiting for thirdparty lock release [change project]
2024-12-10 12:45:14,696 [INFO] ThirdParty:835 - entering critical section [change project]
2024-12-10 12:45:14,698 [INFO] ThirdParty:1030 - CMSIS Pack Vendor :STMicroelectronics USBPD 4.1
2024-12-10 12:45:14,698 [INFO] ThirdParty:1030 - CMSIS Pack Vendor :STMicroelectronics X-CUBE-AZRTOS-H7 3.3.0
2024-12-10 12:45:14,699 [INFO] ThirdParty:1030 - CMSIS Pack Vendor :STMicroelectronics X-CUBE-NFC9 1.0.0
2024-12-10 12:45:14,699 [INFO] ThirdParty:1030 - CMSIS Pack Vendor :STMicroelectronics X-CUBE-GNSS1 6.0.0
2024-12-10 12:45:14,699 [INFO] ThirdParty:1030 - CMSIS Pack Vendor :STMicroelectronics USB_HOST 2.0.0
2024-12-10 12:45:14,699 [INFO] ThirdParty:1030 - CMSIS Pack Vendor :STMicroelectronics FP-SNS-MOTENVWB1 1.4.0
2024-12-10 12:45:14,699 [INFO] ThirdParty:1030 - CMSIS Pack Vendor :STMicroelectronics X-CUBE-AZRTOS-F4 1.1.0
2024-12-10 12:45:14,699 [INFO] ThirdParty:1030 - CMSIS Pack Vendor :STMicroelectronics LIBJPEG 8.0.0
2024-12-10 12:45:14,699 [INFO] ThirdParty:1030 - CMSIS Pack Vendor :STMicroelectronics FP-ATR-ASTRA1 2.0.1
2024-12-10 12:45:14,699 [INFO] ThirdParty:1030 - CMSIS Pack Vendor :STMicroelectronics X-CUBE-SMBUS 2.1.0
2024-12-10 12:45:14,699 [INFO] ThirdParty:1030 - CMSIS Pack Vendor :STMicroelectronics X-CUBE-WB05N 1.1.0
2024-12-10 12:45:14,699 [INFO] ThirdParty:1030 - CMSIS Pack Vendor :STMicroelectronics USB_DEVICE 3.0.0
2024-12-10 12:45:14,699 [INFO] ThirdParty:1030 - CMSIS Pack Vendor :STMicroelectronics X-CUBE-TCPP 4.1.0
2024-12-10 12:45:14,699 [INFO] ThirdParty:1030 - CMSIS Pack Vendor :STMicroelectronics X-CUBE-ISPU 2.1.0
2024-12-10 12:45:14,699 [INFO] ThirdParty:1030 - CMSIS Pack Vendor :STMicroelectronics X-CUBE-FREERTOS 1.2.0
2024-12-10 12:45:14,699 [INFO] ThirdParty:1030 - CMSIS Pack Vendor :STMicroelectronics X-CUBE-IPS 3.0.0
2024-12-10 12:45:14,699 [INFO] ThirdParty:1030 - CMSIS Pack Vendor :STMicroelectronics X-CUBE-AZRTOS-WB 2.0.0
2024-12-10 12:45:14,699 [INFO] ThirdParty:1030 - CMSIS Pack Vendor :STMicroelectronics X-CUBE-GNSS1 7.0.0
2024-12-10 12:45:14,699 [INFO] ThirdParty:1030 - CMSIS Pack Vendor :STMicroelectronics X-CUBE-TOUCHGFX 4.23.0
2024-12-10 12:45:14,700 [INFO] ThirdParty:1030 - CMSIS Pack Vendor :STMicroelectronics X-CUBE-AZRTOS-F7 1.1.0
2024-12-10 12:45:14,700 [INFO] ThirdParty:1030 - CMSIS Pack Vendor :STMicroelectronics X-CUBE-AZRTOS-L5 2.0.0
2024-12-10 12:45:14,700 [INFO] ThirdParty:1030 - CMSIS Pack Vendor :STMicroelectronics USB_DEVICE 2.0.0
2024-12-10 12:45:14,700 [INFO] ThirdParty:1030 - CMSIS Pack Vendor :STMicroelectronics X-CUBE-NFC6 3.1.0
2024-12-10 12:45:14,700 [INFO] ThirdParty:1030 - CMSIS Pack Vendor :STMicroelectronics FP-SNS-STBOX1 2.0.0
2024-12-10 12:45:14,700 [INFO] ThirdParty:1030 - CMSIS Pack Vendor :STMicroelectronics X-CUBE-MEMS1 11.0.0
2024-12-10 12:45:14,700 [INFO] ThirdParty:1030 - CMSIS Pack Vendor :STMicroelectronics FreeRTOS 0.0.1
2024-12-10 12:45:14,701 [INFO] ThirdParty:1030 - CMSIS Pack Vendor :STMicroelectronics X-CUBE-AZRTOS-G0 1.1.0
2024-12-10 12:45:14,701 [INFO] ThirdParty:1030 - CMSIS Pack Vendor :STMicroelectronics X-CUBE-SAFEA1 1.2.2
2024-12-10 12:45:14,701 [INFO] ThirdParty:1030 - CMSIS Pack Vendor :STMicroelectronics X-CUBE-NFC4 3.0.0
2024-12-10 12:45:14,701 [INFO] ThirdParty:1030 - CMSIS Pack Vendor :STMicroelectronics X-CUBE-DPower 1.2.0
2024-12-10 12:45:14,701 [INFO] ThirdParty:1030 - CMSIS Pack Vendor :STMicroelectronics X-CUBE-SUBG2 5.0.0
2024-12-10 12:45:14,701 [INFO] ThirdParty:1030 - CMSIS Pack Vendor :STMicroelectronics STM32_WPAN 1.0.0
2024-12-10 12:45:14,701 [INFO] ThirdParty:1030 - CMSIS Pack Vendor :EmbeddedOffice I-CUBE-FS-RTOS 1.0.1
2024-12-10 12:45:14,701 [INFO] ThirdParty:1030 - CMSIS Pack Vendor :STMicroelectronics lwIP 2.0.3
2024-12-10 12:45:14,701 [INFO] ThirdParty:1030 - CMSIS Pack Vendor :STMicroelectronics FP-SNS-FLIGHT1 5.0.2
2024-12-10 12:45:14,701 [INFO] ThirdParty:1030 - CMSIS Pack Vendor :Cesanta I-CUBE-Mongoose 7.13.0
2024-12-10 12:45:14,701 [INFO] ThirdParty:1030 - CMSIS Pack Vendor :STMicroelectronics USB_HOST 1.0.0
2024-12-10 12:45:14,701 [INFO] ThirdParty:1030 - CMSIS Pack Vendor :Infineon AIROC-Wi-Fi-Bluetooth-STM32 1.7.0
2024-12-10 12:45:14,701 [INFO] ThirdParty:1030 - CMSIS Pack Vendor :STMicroelectronics X-CUBE-AI 9.0.0
2024-12-10 12:45:14,701 [INFO] ThirdParty:1030 - CMSIS Pack Vendor :STMicroelectronics X-CUBE-AZRTOS-G4 2.0.0
2024-12-10 12:45:14,701 [INFO] ThirdParty:1030 - CMSIS Pack Vendor :STMicroelectronics PDM2PCM 3.1.0
2024-12-10 12:45:14,701 [INFO] ThirdParty:1030 - CMSIS Pack Vendor :STMicroelectronics PDM2PCM 3.3.0
2024-12-10 12:45:14,701 [INFO] ThirdParty:1030 - CMSIS Pack Vendor :STMicroelectronics X-CUBE-DISPLAY 3.0.0
2024-12-10 12:45:14,701 [INFO] ThirdParty:1030 - CMSIS Pack Vendor :RealThread X-CUBE-RT-Thread_Nano 4.1.1
2024-12-10 12:45:14,701 [INFO] ThirdParty:1030 - CMSIS Pack Vendor :STMicroelectronics X-CUBE-BLE1 7.0.0
2024-12-10 12:45:14,701 [INFO] ThirdParty:1030 - CMSIS Pack Vendor :STMicroelectronics FP-ATR-SIGFOX1 3.2.0
2024-12-10 12:45:14,701 [INFO] ThirdParty:1030 - CMSIS Pack Vendor :STMicroelectronics X-CUBE-NFC10 1.0.0
2024-12-10 12:45:14,701 [INFO] ThirdParty:1030 - CMSIS Pack Vendor :wolfSSL I-CUBE-wolfSSL 5.7.2
2024-12-10 12:45:14,701 [INFO] ThirdParty:1030 - CMSIS Pack Vendor :quantropi X-CUBE-qispace-sdk-base 1.9.3
2024-12-10 12:45:14,701 [INFO] ThirdParty:1030 - CMSIS Pack Vendor :STMicroelectronics X-CUBE-ISPU 2.0.0
2024-12-10 12:45:14,701 [INFO] ThirdParty:1030 - CMSIS Pack Vendor :STMicroelectronics X-CUBE-BLEMGR 4.0.0
2024-12-10 12:45:14,701 [INFO] ThirdParty:1030 - CMSIS Pack Vendor :STMicroelectronics X-CUBE-EEPRMA1 5.1.0
2024-12-10 12:45:14,701 [INFO] ThirdParty:1030 - CMSIS Pack Vendor :STMicroelectronics HAL Drivers 0.0.0
2024-12-10 12:45:14,701 [INFO] ThirdParty:1030 - CMSIS Pack Vendor :STMicroelectronics MBEDTLS 2.16.2
2024-12-10 12:45:14,701 [INFO] ThirdParty:1030 - CMSIS Pack Vendor :STMicroelectronics X-CUBE-ALS 1.0.2
2024-12-10 12:45:14,702 [INFO] ThirdParty:1030 - CMSIS Pack Vendor :emotas I-CUBE-CANOPEN 1.3.0
2024-12-10 12:45:14,702 [INFO] ThirdParty:1030 - CMSIS Pack Vendor :STMicroelectronics X-CUBE-FREERTOS 1.3.0
2024-12-10 12:45:14,702 [INFO] ThirdParty:1030 - CMSIS Pack Vendor :STMicroelectronics X-CUBE-MEMS1 10.0.0
2024-12-10 12:45:14,702 [INFO] ThirdParty:1030 - CMSIS Pack Vendor :wolfSSL I-CUBE-wolfSSL 5.7.4
2024-12-10 12:45:14,702 [INFO] ThirdParty:1030 - CMSIS Pack Vendor :STMicroelectronics X-CUBE-NFC7 1.0.1
2024-12-10 12:45:14,702 [INFO] ThirdParty:1030 - CMSIS Pack Vendor :STMicroelectronics MBEDTLS 2.14.1
2024-12-10 12:45:14,702 [INFO] ThirdParty:1030 - CMSIS Pack Vendor :STMicroelectronics X-CUBE-TOUCHGFX 4.24.0
2024-12-10 12:45:14,702 [INFO] ThirdParty:1030 - CMSIS Pack Vendor :ITTIA_DB I-CUBE-ITTIADB 8.9.0
2024-12-10 12:45:14,702 [INFO] ThirdParty:1030 - CMSIS Pack Vendor :wolfSSL I-CUBE-wolfTPM 3.2.0
2024-12-10 12:45:14,702 [INFO] ThirdParty:1030 - CMSIS Pack Vendor :STMicroelectronics X-CUBE-TOUCHGFX 4.24.1
2024-12-10 12:45:14,702 [INFO] ThirdParty:1030 - CMSIS Pack Vendor :wolfSSL I-CUBE-wolfTPM 3.4.0
2024-12-10 12:45:14,702 [INFO] ThirdParty:1030 - CMSIS Pack Vendor :portGmbH I-Cube-SoM-uGOAL 1.1.0
2024-12-10 12:45:14,702 [INFO] ThirdParty:1030 - CMSIS Pack Vendor :STMicroelectronics X-CUBE-BLEMGR 3.1.0
2024-12-10 12:45:14,702 [INFO] ThirdParty:1030 - CMSIS Pack Vendor :STMicroelectronics ThreadX 1.0.0
2024-12-10 12:45:14,702 [INFO] ThirdParty:1030 - CMSIS Pack Vendor :STMicroelectronics FP-SNS-SMARTAG2 1.2.0
2024-12-10 12:45:14,702 [INFO] ThirdParty:1030 - CMSIS Pack Vendor :STMicroelectronics X-CUBE-AZRTOS-WL 2.0.0
2024-12-10 12:45:14,702 [INFO] ThirdParty:1030 - CMSIS Pack Vendor :SEGGER I-CUBE-embOS 1.3.1
2024-12-10 12:45:14,702 [INFO] ThirdParty:1030 - CMSIS Pack Vendor :STMicroelectronics X-CUBE-ALGOBUILD 1.4.0
2024-12-10 12:45:14,702 [INFO] ThirdParty:1030 - CMSIS Pack Vendor :STMicroelectronics FP-SNS-MOTENV1 5.0.0
2024-12-10 12:45:14,702 [INFO] ThirdParty:1030 - CMSIS Pack Vendor :STMicroelectronics USB_DEVICE 1.0.0
2024-12-10 12:45:14,702 [INFO] ThirdParty:1030 - CMSIS Pack Vendor :STMicroelectronics X-CUBE-AZRTOS-H7RS 1.0.0
2024-12-10 12:45:14,702 [INFO] ThirdParty:1030 - CMSIS Pack Vendor :wolfSSL I-CUBE-wolfMQTT 1.19.0
2024-12-10 12:45:14,702 [INFO] ThirdParty:1030 - CMSIS Pack Vendor :STMicroelectronics X-CUBE-AZRTOS-L4 2.0.0
2024-12-10 12:45:14,702 [INFO] ThirdParty:1030 - CMSIS Pack Vendor :STMicroelectronics ThreadX 0.0.2
2024-12-10 12:45:14,702 [INFO] ThirdParty:1030 - CMSIS Pack Vendor :WES I-CUBE-Cesium 1.3.0
2024-12-10 12:45:14,702 [INFO] ThirdParty:1030 - CMSIS Pack Vendor :STMicroelectronics FP-ATR-ASTRA1 2.0.0
2024-12-10 12:45:14,702 [INFO] ThirdParty:1030 - CMSIS Pack Vendor :STMicroelectronics lwIP 2.1.2
2024-12-10 12:45:14,702 [INFO] ThirdParty:1030 - CMSIS Pack Vendor :STMicroelectronics X-CUBE-SFXS2LP1 4.0.0
2024-12-10 12:45:14,702 [INFO] ThirdParty:1030 - CMSIS Pack Vendor :STMicroelectronics X-CUBE-BLE2 3.3.0
2024-12-10 12:45:14,702 [INFO] ThirdParty:1030 - CMSIS Pack Vendor :STMicroelectronics X-CUBE-TOF1 3.4.2
2024-12-10 12:45:14,702 [INFO] ThirdParty:1030 - CMSIS Pack Vendor :STMicroelectronics X-CUBE-AI 9.1.0
2024-12-10 12:45:14,702 [INFO] ThirdParty:1030 - CMSIS Pack Vendor :Infineon AIROC-Wi-Fi-Bluetooth-STM32 1.6.1
2024-12-10 12:45:14,702 [INFO] ThirdParty:1030 - CMSIS Pack Vendor :STMicroelectronics X-CUBE-AZRTOS-H7 3.2.0
2024-12-10 12:45:14,702 [INFO] ThirdParty:1030 - CMSIS Pack Vendor :STMicroelectronics PDM2PCM 3.2.0
2024-12-10 12:45:14,702 [INFO] ThirdParty:1030 - CMSIS Pack Vendor :wolfSSL I-CUBE-wolfSSH 1.4.17
2024-12-10 12:45:14,702 [INFO] ThirdParty:841 - exiting critical section [change project]
2024-12-10 12:45:15,107 [INFO] PinOutPanel:1561 - setPackage(No Configuration,No Configuration)
2024-12-10 12:45:15,111 [INFO] PinOutPanel:1561 - setPackage(STM32L4R5ZITx,LQFP144)
2024-12-10 12:45:17,895 [INFO] UtilMem:75 - Before build in PCC Used Memory: 914880896 Bytes (1073741824)
2024-12-10 12:45:18,949 [INFO] UtilMem:75 - After build in PCC Used Memory: 616606792 Bytes (1073741824)
2024-12-10 12:45:18,982 [INFO] ApiDbMcu:508 - Load IP Config File for USB_DEVICE
2024-12-10 12:45:19,075 [INFO] IPUIPlugin:80 - create IPUIPlugin
2024-12-10 12:45:19,075 [INFO] IPUIPlugin:80 - create IPUIPlugin
2024-12-10 12:45:19,075 [INFO] IPUIPlugin:80 - create IPUIPlugin
2024-12-10 12:45:19,075 [INFO] IPUIPlugin:80 - create IPUIPlugin
2024-12-10 12:45:19,076 [INFO] IPUIPlugin:80 - create IPUIPlugin
2024-12-10 12:45:19,078 [INFO] IPUIPlugin:80 - create IPUIPlugin
2024-12-10 12:45:19,079 [INFO] IPUIPlugin:80 - create IPUIPlugin
2024-12-10 12:45:19,080 [INFO] IPUIPlugin:80 - create IPUIPlugin
2024-12-10 12:45:19,080 [INFO] IPUIPlugin:80 - create IPUIPlugin
2024-12-10 12:45:19,081 [INFO] IPUIPlugin:80 - create IPUIPlugin
2024-12-10 12:45:19,081 [INFO] IPUIPlugin:80 - create IPUIPlugin
2024-12-10 12:45:19,081 [INFO] IPUIPlugin:80 - create IPUIPlugin
2024-12-10 12:45:19,081 [INFO] IPUIPlugin:80 - create IPUIPlugin
2024-12-10 12:45:19,083 [INFO] IPUIPlugin:80 - create IPUIPlugin
2024-12-10 12:45:19,083 [INFO] IPUIPlugin:80 - create IPUIPlugin
2024-12-10 12:45:19,084 [INFO] IPUIPlugin:80 - create IPUIPlugin
2024-12-10 12:45:19,084 [INFO] IPUIPlugin:80 - create IPUIPlugin
2024-12-10 12:45:19,085 [INFO] IPUIPlugin:80 - create IPUIPlugin
2024-12-10 12:45:19,085 [INFO] IPUIPlugin:80 - create IPUIPlugin
2024-12-10 12:45:19,085 [INFO] IPUIPlugin:80 - create IPUIPlugin
2024-12-10 12:45:19,085 [INFO] IPUIPlugin:80 - create IPUIPlugin
2024-12-10 12:45:19,087 [INFO] IPUIPlugin:80 - create IPUIPlugin
2024-12-10 12:45:19,089 [INFO] IPUIPlugin:80 - create IPUIPlugin
2024-12-10 12:45:19,089 [INFO] IPUIPlugin:80 - create IPUIPlugin
2024-12-10 12:45:19,091 [INFO] IPUIPlugin:80 - create IPUIPlugin
2024-12-10 12:45:19,091 [INFO] IPUIPlugin:80 - create IPUIPlugin
2024-12-10 12:45:19,091 [INFO] IPUIPlugin:80 - create IPUIPlugin
2024-12-10 12:45:19,092 [INFO] IPUIPlugin:80 - create IPUIPlugin
2024-12-10 12:45:19,093 [INFO] IPUIPlugin:80 - create IPUIPlugin
2024-12-10 12:45:19,096 [INFO] IPUIPlugin:80 - create IPUIPlugin
2024-12-10 12:45:19,097 [INFO] IPUIPlugin:80 - create IPUIPlugin
2024-12-10 12:45:19,098 [INFO] IPUIPlugin:80 - create IPUIPlugin
2024-12-10 12:45:19,098 [INFO] IPUIPlugin:80 - create IPUIPlugin
2024-12-10 12:45:19,099 [INFO] IPUIPlugin:80 - create IPUIPlugin
2024-12-10 12:45:19,100 [INFO] IPUIPlugin:80 - create IPUIPlugin
2024-12-10 12:45:19,100 [INFO] IPUIPlugin:80 - create IPUIPlugin
2024-12-10 12:45:19,100 [INFO] IPUIPlugin:80 - create IPUIPlugin
2024-12-10 12:45:19,101 [INFO] IPUIPlugin:80 - create IPUIPlugin
2024-12-10 12:45:19,102 [INFO] IPUIPlugin:80 - create IPUIPlugin
2024-12-10 12:45:19,102 [INFO] IPUIPlugin:80 - create IPUIPlugin
2024-12-10 12:45:19,103 [INFO] IPUIPlugin:80 - create IPUIPlugin
2024-12-10 12:45:19,103 [INFO] IPUIPlugin:80 - create IPUIPlugin
2024-12-10 12:45:19,104 [INFO] IPUIPlugin:80 - create IPUIPlugin
2024-12-10 12:45:19,105 [INFO] IPUIPlugin:80 - create IPUIPlugin
2024-12-10 12:45:19,106 [INFO] IPUIPlugin:80 - create IPUIPlugin
2024-12-10 12:45:19,106 [INFO] IPUIPlugin:80 - create IPUIPlugin
2024-12-10 12:45:19,107 [INFO] IPUIPlugin:80 - create IPUIPlugin
2024-12-10 12:45:19,108 [INFO] IPUIPlugin:80 - create IPUIPlugin
2024-12-10 12:45:19,109 [INFO] IPUIPlugin:80 - create IPUIPlugin
2024-12-10 12:45:19,113 [INFO] IPUIPlugin:80 - create IPUIPlugin
2024-12-10 12:45:19,114 [INFO] IPUIPlugin:80 - create IPUIPlugin
2024-12-10 12:45:19,115 [INFO] IPUIPlugin:80 - create IPUIPlugin
2024-12-10 12:45:19,119 [INFO] IPUIPlugin:80 - create IPUIPlugin
2024-12-10 12:45:19,120 [INFO] IPUIPlugin:80 - create IPUIPlugin
2024-12-10 12:45:19,123 [INFO] IPUIPlugin:80 - create IPUIPlugin
2024-12-10 12:45:19,125 [INFO] IPUIPlugin:80 - create IPUIPlugin
2024-12-10 12:45:19,126 [INFO] IPUIPlugin:80 - create IPUIPlugin
2024-12-10 12:45:19,129 [INFO] IPUIPlugin:80 - create IPUIPlugin
2024-12-10 12:45:19,131 [INFO] IPUIPlugin:80 - create IPUIPlugin
2024-12-10 12:45:19,133 [INFO] IPUIPlugin:80 - create IPUIPlugin
2024-12-10 12:45:19,135 [INFO] IPUIPlugin:80 - create IPUIPlugin
2024-12-10 12:45:19,663 [INFO] CADModel:165 - CPN selected for project levelSTM32L4R5ZIT6
2024-12-10 12:45:19,664 [INFO] CADModel:114 - Register for checkConnection events
2024-12-10 12:45:19,706 [INFO] OpenFileManager:363 - Restore cursor
2024-12-10 12:46:00,548 [INFO] MainUpdater:2873 - connection check result : 10
2024-12-10 12:46:00,548 [INFO] MainUpdater:2873 - connection check result : 10
2024-12-10 12:46:00,994 [INFO] MicroXplorer:468 - Change Database Path : 
2024-12-10 12:46:00,995 [INFO] MicroXplorer:498 - Change Database Version : DB.6.0.120
2024-12-10 12:46:01,084 [ERROR] ProjectManagerView:394 - 
java.lang.NullPointerException: Cannot invoke "javax.swing.JTextField.getText()" because the return value of "java.util.List.get(int)" is null
	at com.st.microxplorer.plugins.projectmanager.gui.ProjectChoiceTab$10.caretUpdate(ProjectChoiceTab.java:2622) ~[filemanager.jar:?]
	at javax.swing.text.JTextComponent.fireCaretUpdate(JTextComponent.java:412) ~[?:?]
	at javax.swing.text.JTextComponent$MutableCaretEvent.fire(JTextComponent.java:4491) ~[?:?]
	at javax.swing.text.JTextComponent$MutableCaretEvent.stateChanged(JTextComponent.java:4513) ~[?:?]
	at javax.swing.text.DefaultCaret.fireStateChanged(DefaultCaret.java:842) ~[?:?]
	at javax.swing.text.DefaultCaret.changeCaretPosition(DefaultCaret.java:1313) ~[?:?]
	at javax.swing.text.DefaultCaret.handleSetDot(DefaultCaret.java:1212) ~[?:?]
	at javax.swing.text.DefaultCaret.setDot(DefaultCaret.java:1193) ~[?:?]
	at javax.swing.text.DefaultCaret$Handler.insertUpdate(DefaultCaret.java:1789) ~[?:?]
	at javax.swing.text.AbstractDocument.fireInsertUpdate(AbstractDocument.java:226) ~[?:?]
	at javax.swing.text.AbstractDocument.handleInsertString(AbstractDocument.java:780) ~[?:?]
	at javax.swing.text.AbstractDocument.insertString(AbstractDocument.java:739) ~[?:?]
	at javax.swing.text.PlainDocument.insertString(PlainDocument.java:131) ~[?:?]
	at javax.swing.text.AbstractDocument.replace(AbstractDocument.java:698) ~[?:?]
	at javax.swing.text.JTextComponent.setText(JTextComponent.java:1729) ~[?:?]
	at com.st.microxplorer.plugins.projectmanager.gui.ProjectChoiceTab.createHeapStackFields(ProjectChoiceTab.java:972) ~[filemanager.jar:?]
	at com.st.microxplorer.plugins.projectmanager.gui.ProjectChoiceTab.buildLinkSettingsPanel(ProjectChoiceTab.java:3597) ~[filemanager.jar:?]
	at com.st.microxplorer.plugins.projectmanager.gui.ProjectChoiceTab.defineWindowsFields(ProjectChoiceTab.java:1940) ~[filemanager.jar:?]
	at com.st.microxplorer.plugins.projectmanager.gui.ProjectChoiceTab.updateSettings(ProjectChoiceTab.java:550) ~[filemanager.jar:?]
	at com.st.microxplorer.plugins.projectmanager.gui.ProjectSettingsPanel.UpdateDialog(ProjectSettingsPanel.java:245) ~[filemanager.jar:?]
	at com.st.microxplorer.plugins.projectmanager.ProjectManagerView.propertyChange(ProjectManagerView.java:391) ~[filemanager.jar:?]
	at java.beans.PropertyChangeSupport.fire(PropertyChangeSupport.java:343) ~[?:?]
	at java.beans.PropertyChangeSupport.firePropertyChange(PropertyChangeSupport.java:335) ~[?:?]
	at java.beans.PropertyChangeSupport.firePropertyChange(PropertyChangeSupport.java:268) ~[?:?]
	at com.st.microxplorer.util.MXPropertyChangeSupport.firePropertyChange(MXPropertyChangeSupport.java:54) ~[STM32CubeMX.jar:?]
	at com.st.microxplorer.mxsystem.MxSystem.closeConfig(MxSystem.java:900) ~[STM32CubeMX.jar:?]
	at com.st.microxplorer.maingui.MainPanel.closeConfig(MainPanel.java:781) ~[STM32CubeMX.jar:?]
	at com.st.microxplorer.plugins.filemanager.engine.OpenFileManager.loadConfigurationFile(OpenFileManager.java:265) ~[filemanager.jar:?]
	at com.st.microxplorer.plugins.filemanager.engine.MainFileManager.userLoadConfig(MainFileManager.java:352) ~[filemanager.jar:?]
	at com.st.microxplorer.plugins.filemanager.engine.MainFileManager.userLoadConfig(MainFileManager.java:330) ~[filemanager.jar:?]
	at com.st.microxplorer.plugins.filemanager.FileManagerView.getSpecificTask(FileManagerView.java:246) ~[filemanager.jar:?]
	at com.st.stm32cube.common.mx.editor.CubeMxEditor.getMxTabbedPaneInstance(CubeMxEditor.java:1198) ~[com.st.stm32cube.common.mx_6.12.0.202406281431/:?]
	at com.st.stm32cube.common.mx.editor.CubeMxEditor$12$1.createSwingComponent(CubeMxEditor.java:1068) ~[com.st.stm32cube.common.mx_6.12.0.202406281431/:?]
	at com.st.stm32cube.common.mx.oss.core.awtswtbridge.EmbeddedSwingComposite.doComponentCreation(EmbeddedSwingComposite.java:492) ~[com.st.stm32cube.common.mx.oss_6.12.0.202406281431/:?]
	at com.st.stm32cube.common.mx.oss.core.awtswtbridge.EmbeddedSwingComposite$4.run(EmbeddedSwingComposite.java:291) ~[com.st.stm32cube.common.mx.oss_6.12.0.202406281431/:?]
	at com.st.stm32cube.common.mx.oss.core.awtswtbridge.AwtEnvironment$2.run(AwtEnvironment.java:166) ~[com.st.stm32cube.common.mx.oss_6.12.0.202406281431/:?]
	at java.awt.event.InvocationEvent.dispatch(InvocationEvent.java:318) ~[?:?]
	at java.awt.EventQueue.dispatchEventImpl(EventQueue.java:773) ~[?:?]
	at java.awt.EventQueue$4.run(EventQueue.java:720) ~[?:?]
	at java.awt.EventQueue$4.run(EventQueue.java:714) ~[?:?]
	at java.security.AccessController.doPrivileged(AccessController.java:399) ~[?:?]
	at java.security.ProtectionDomain$JavaSecurityAccessImpl.doIntersectionPrivilege(ProtectionDomain.java:86) ~[?:?]
	at java.awt.EventQueue.dispatchEvent(EventQueue.java:742) ~[?:?]
	at java.awt.EventDispatchThread.pumpOneEventForFilters(EventDispatchThread.java:203) ~[?:?]
	at java.awt.EventDispatchThread.pumpEventsForFilter(EventDispatchThread.java:124) ~[?:?]
	at java.awt.EventDispatchThread.pumpEventsForHierarchy(EventDispatchThread.java:113) ~[?:?]
	at java.awt.EventDispatchThread.pumpEvents(EventDispatchThread.java:109) ~[?:?]
	at java.awt.EventDispatchThread.pumpEvents(EventDispatchThread.java:101) ~[?:?]
	at java.awt.EventDispatchThread.run(EventDispatchThread.java:90) ~[?:?]
2024-12-10 12:46:01,120 [WARN] ThirdParty:871 - waiting for thirdparty lock release [close project]
2024-12-10 12:46:01,120 [INFO] ThirdParty:873 - entering critical section [close project]
2024-12-10 12:46:01,120 [INFO] ThirdParty:883 - exiting critical section [close project]
2024-12-10 12:46:01,128 [INFO] PinOutPanel:1561 - setPackage(No Configuration,No Configuration)
2024-12-10 12:46:01,138 [INFO] UtilMem:75 - Begin LoadConfig() Used Memory: 603290456 Bytes (1073741824)
2024-12-10 12:46:01,139 [INFO] MicroXplorer:468 - Change Database Path : 
2024-12-10 12:46:01,140 [INFO] MicroXplorer:498 - Change Database Version : DB.6.0.120
2024-12-10 12:46:01,140 [INFO] OpenFileManager:332 - Change cursor
2024-12-10 12:46:01,280 [INFO] Mcu:2032 - Initializing MCU STM32G0B1R(B-C-E)Tx STM32G0B1RETx STM32G0B1RET6
2024-12-10 12:46:07,208 [INFO] Context:742 - Trying to add GPIOservice into a context  which must be forbidden
2024-12-10 12:46:08,844 [INFO] RtosManager:555 - Registered RTOS mode: class=CMSIS, group=RTOS, mode=CMSIS_V1, owner=FREERTOS
2024-12-10 12:46:08,844 [INFO] RtosManager:555 - Registered RTOS mode: class=CMSIS, group=RTOS2, mode=CMSIS_V2, owner=FREERTOS
2024-12-10 12:46:08,844 [INFO] RtosManager:555 - Registered RTOS mode: class=RTOS, group=Core, mode=CMSIS_V1, owner=FREERTOS
2024-12-10 12:46:08,844 [INFO] RtosManager:555 - Registered RTOS mode: class=RTOS, group=Core, mode=CMSIS_V2, owner=FREERTOS
2024-12-10 12:46:08,844 [WARN] ModelIntegratedComponent:184 - Missing modes for component STMicroelectronics:FreeRTOS:0.0.1:STMicroelectronics:RTOS:FreeRTOS:Core:::10.2.0:
2024-12-10 12:46:08,857 [WARN] ModelIntegratedComponent:63 - No mode defined for component null
2024-12-10 12:46:08,857 [WARN] ModelIntegratedComponent:63 - No mode defined for component null
2024-12-10 12:46:08,857 [WARN] ModelIntegratedComponent:63 - No mode defined for component null
2024-12-10 12:46:08,857 [WARN] ModelIntegratedComponent:63 - No mode defined for component null
2024-12-10 12:46:08,857 [WARN] ModelIntegratedComponent:63 - No mode defined for component null
2024-12-10 12:46:08,857 [WARN] ModelIntegratedComponent:63 - No mode defined for component null
2024-12-10 12:46:08,857 [WARN] ModelIntegratedComponent:63 - No mode defined for component null
2024-12-10 12:46:08,857 [WARN] ModelIntegratedComponent:63 - No mode defined for component null
2024-12-10 12:46:08,857 [WARN] ModelIntegratedComponent:63 - No mode defined for component null
2024-12-10 12:46:08,857 [WARN] ModelIntegratedComponent:63 - No mode defined for component null
2024-12-10 12:46:08,857 [WARN] ModelIntegratedComponent:63 - No mode defined for component null
2024-12-10 12:46:08,857 [WARN] ModelIntegratedComponent:63 - No mode defined for component null
2024-12-10 12:46:08,857 [WARN] ModelIntegratedComponent:63 - No mode defined for component null
2024-12-10 12:46:08,857 [WARN] ModelIntegratedComponent:63 - No mode defined for component null
2024-12-10 12:46:08,857 [WARN] ModelIntegratedComponent:63 - No mode defined for component null
2024-12-10 12:46:08,857 [WARN] ModelIntegratedComponent:63 - No mode defined for component null
2024-12-10 12:46:08,857 [WARN] ModelIntegratedComponent:63 - No mode defined for component null
2024-12-10 12:46:08,857 [WARN] ModelIntegratedComponent:63 - No mode defined for component null
2024-12-10 12:46:08,857 [WARN] ModelIntegratedComponent:63 - No mode defined for component null
2024-12-10 12:46:08,857 [WARN] ModelIntegratedComponent:63 - No mode defined for component null
2024-12-10 12:46:08,857 [WARN] ModelIntegratedComponent:63 - No mode defined for component null
2024-12-10 12:46:08,857 [WARN] ModelIntegratedComponent:63 - No mode defined for component null
2024-12-10 12:46:08,857 [WARN] ModelIntegratedComponent:63 - No mode defined for component null
2024-12-10 12:46:08,857 [WARN] ModelIntegratedComponent:63 - No mode defined for component null
2024-12-10 12:46:08,857 [WARN] ModelIntegratedComponent:63 - No mode defined for component null
2024-12-10 12:46:08,857 [WARN] ModelIntegratedComponent:63 - No mode defined for component null
2024-12-10 12:46:08,857 [WARN] ModelIntegratedComponent:63 - No mode defined for component null
2024-12-10 12:46:08,857 [WARN] ModelIntegratedComponent:63 - No mode defined for component null
2024-12-10 12:46:08,857 [WARN] ModelIntegratedComponent:63 - No mode defined for component null
2024-12-10 12:46:08,858 [WARN] ModelIntegratedComponent:63 - No mode defined for component null
2024-12-10 12:46:08,858 [WARN] ModelIntegratedComponent:63 - No mode defined for component null
2024-12-10 12:46:08,858 [WARN] ModelIntegratedComponent:63 - No mode defined for component null
2024-12-10 12:46:08,858 [WARN] ModelIntegratedComponent:63 - No mode defined for component null
2024-12-10 12:46:08,858 [WARN] ModelIntegratedComponent:63 - No mode defined for component null
2024-12-10 12:46:08,858 [WARN] ModelIntegratedComponent:63 - No mode defined for component null
2024-12-10 12:46:08,858 [WARN] ModelPack:524 - Component already loaded: STMicroelectronics:HAL Drivers:0.0.0:STMicroelectronics:Device:STMicro_Driver:XSPI:HAL::0.0.1:HAL_XSPI
2024-12-10 12:46:08,943 [INFO] ThirdPartyModel:298 - Start build external matchings
2024-12-10 12:46:09,624 [INFO] ThirdPartyModel:316 - End build external matchings
2024-12-10 12:46:09,641 [INFO] ImportTextPane:205 - (OptionalMessage_ERROR) IP (RCC) : Invalid parameter (FamilyName)
2024-12-10 12:46:09,642 [INFO] ImportTextPane:205 - (OptionalMessage_ERROR) IP (RCC) : Parameter (PLLPoutputFreq_Value) has invalid value (64000000)
2024-12-10 12:46:09,642 [INFO] ImportTextPane:205 - (OptionalMessage_ERROR) IP (RCC) : Parameter (PLLRCLKFreq_Value) has invalid value (64000000)
2024-12-10 12:46:10,024 [INFO] UtilMem:75 - End LoadConfig() Used Memory: 567383440 Bytes (1073741824)
2024-12-10 12:46:10,338 [WARN] ThirdParty:833 - waiting for thirdparty lock release [change project]
2024-12-10 12:46:10,351 [INFO] ThirdParty:835 - entering critical section [change project]
2024-12-10 12:46:10,353 [INFO] ThirdParty:1030 - CMSIS Pack Vendor :STMicroelectronics USBPD 4.1
2024-12-10 12:46:10,353 [INFO] ThirdParty:1030 - CMSIS Pack Vendor :STMicroelectronics X-CUBE-AZRTOS-H7 3.3.0
2024-12-10 12:46:10,353 [INFO] ThirdParty:1030 - CMSIS Pack Vendor :STMicroelectronics X-CUBE-NFC9 1.0.0
2024-12-10 12:46:10,353 [INFO] ThirdParty:1030 - CMSIS Pack Vendor :STMicroelectronics X-CUBE-GNSS1 6.0.0
2024-12-10 12:46:10,353 [INFO] ThirdParty:1030 - CMSIS Pack Vendor :STMicroelectronics USB_HOST 2.0.0
2024-12-10 12:46:10,353 [INFO] ThirdParty:1030 - CMSIS Pack Vendor :STMicroelectronics FP-SNS-MOTENVWB1 1.4.0
2024-12-10 12:46:10,353 [INFO] ThirdParty:1030 - CMSIS Pack Vendor :STMicroelectronics X-CUBE-AZRTOS-F4 1.1.0
2024-12-10 12:46:10,353 [INFO] ThirdParty:1030 - CMSIS Pack Vendor :STMicroelectronics LIBJPEG 8.0.0
2024-12-10 12:46:10,353 [INFO] ThirdParty:1030 - CMSIS Pack Vendor :STMicroelectronics FP-ATR-ASTRA1 2.0.1
2024-12-10 12:46:10,353 [INFO] ThirdParty:1030 - CMSIS Pack Vendor :STMicroelectronics X-CUBE-SMBUS 2.1.0
2024-12-10 12:46:10,353 [INFO] ThirdParty:1030 - CMSIS Pack Vendor :STMicroelectronics X-CUBE-WB05N 1.1.0
2024-12-10 12:46:10,353 [INFO] ThirdParty:1030 - CMSIS Pack Vendor :STMicroelectronics USB_DEVICE 3.0.0
2024-12-10 12:46:10,354 [INFO] ThirdParty:1030 - CMSIS Pack Vendor :STMicroelectronics X-CUBE-TCPP 4.1.0
2024-12-10 12:46:10,354 [INFO] ThirdParty:1030 - CMSIS Pack Vendor :STMicroelectronics X-CUBE-ISPU 2.1.0
2024-12-10 12:46:10,354 [INFO] ThirdParty:1030 - CMSIS Pack Vendor :STMicroelectronics X-CUBE-FREERTOS 1.2.0
2024-12-10 12:46:10,354 [INFO] ThirdParty:1030 - CMSIS Pack Vendor :STMicroelectronics X-CUBE-IPS 3.0.0
2024-12-10 12:46:10,354 [INFO] ThirdParty:1030 - CMSIS Pack Vendor :STMicroelectronics X-CUBE-AZRTOS-WB 2.0.0
2024-12-10 12:46:10,354 [INFO] ThirdParty:1030 - CMSIS Pack Vendor :STMicroelectronics X-CUBE-GNSS1 7.0.0
2024-12-10 12:46:10,354 [INFO] ThirdParty:1030 - CMSIS Pack Vendor :STMicroelectronics X-CUBE-TOUCHGFX 4.23.0
2024-12-10 12:46:10,354 [INFO] ThirdParty:1030 - CMSIS Pack Vendor :STMicroelectronics X-CUBE-AZRTOS-F7 1.1.0
2024-12-10 12:46:10,354 [INFO] ThirdParty:1030 - CMSIS Pack Vendor :STMicroelectronics X-CUBE-AZRTOS-L5 2.0.0
2024-12-10 12:46:10,354 [INFO] ThirdParty:1030 - CMSIS Pack Vendor :STMicroelectronics USB_DEVICE 2.0.0
2024-12-10 12:46:10,354 [INFO] ThirdParty:1030 - CMSIS Pack Vendor :STMicroelectronics X-CUBE-NFC6 3.1.0
2024-12-10 12:46:10,354 [INFO] ThirdParty:1030 - CMSIS Pack Vendor :STMicroelectronics FP-SNS-STBOX1 2.0.0
2024-12-10 12:46:10,354 [INFO] ThirdParty:1030 - CMSIS Pack Vendor :STMicroelectronics X-CUBE-MEMS1 11.0.0
2024-12-10 12:46:10,354 [INFO] ThirdParty:1030 - CMSIS Pack Vendor :STMicroelectronics FreeRTOS 0.0.1
2024-12-10 12:46:10,354 [INFO] ThirdParty:1030 - CMSIS Pack Vendor :STMicroelectronics X-CUBE-AZRTOS-G0 1.1.0
2024-12-10 12:46:10,354 [INFO] ThirdParty:1030 - CMSIS Pack Vendor :STMicroelectronics X-CUBE-SAFEA1 1.2.2
2024-12-10 12:46:10,355 [INFO] ThirdParty:1030 - CMSIS Pack Vendor :STMicroelectronics X-CUBE-NFC4 3.0.0
2024-12-10 12:46:10,355 [INFO] ThirdParty:1030 - CMSIS Pack Vendor :STMicroelectronics X-CUBE-DPower 1.2.0
2024-12-10 12:46:10,355 [INFO] ThirdParty:1030 - CMSIS Pack Vendor :STMicroelectronics X-CUBE-SUBG2 5.0.0
2024-12-10 12:46:10,355 [INFO] ThirdParty:1030 - CMSIS Pack Vendor :STMicroelectronics STM32_WPAN 1.0.0
2024-12-10 12:46:10,355 [INFO] ThirdParty:1030 - CMSIS Pack Vendor :EmbeddedOffice I-CUBE-FS-RTOS 1.0.1
2024-12-10 12:46:10,355 [INFO] ThirdParty:1030 - CMSIS Pack Vendor :STMicroelectronics lwIP 2.0.3
2024-12-10 12:46:10,355 [INFO] ThirdParty:1030 - CMSIS Pack Vendor :STMicroelectronics FP-SNS-FLIGHT1 5.0.2
2024-12-10 12:46:10,355 [INFO] ThirdParty:1030 - CMSIS Pack Vendor :Cesanta I-CUBE-Mongoose 7.13.0
2024-12-10 12:46:10,355 [INFO] ThirdParty:1030 - CMSIS Pack Vendor :STMicroelectronics USB_HOST 1.0.0
2024-12-10 12:46:10,355 [INFO] ThirdParty:1030 - CMSIS Pack Vendor :Infineon AIROC-Wi-Fi-Bluetooth-STM32 1.7.0
2024-12-10 12:46:10,355 [INFO] ThirdParty:1030 - CMSIS Pack Vendor :STMicroelectronics X-CUBE-AI 9.0.0
2024-12-10 12:46:10,355 [INFO] ThirdParty:1030 - CMSIS Pack Vendor :STMicroelectronics X-CUBE-AZRTOS-G4 2.0.0
2024-12-10 12:46:10,355 [INFO] ThirdParty:1030 - CMSIS Pack Vendor :STMicroelectronics PDM2PCM 3.1.0
2024-12-10 12:46:10,355 [INFO] ThirdParty:1030 - CMSIS Pack Vendor :STMicroelectronics PDM2PCM 3.3.0
2024-12-10 12:46:10,355 [INFO] ThirdParty:1030 - CMSIS Pack Vendor :STMicroelectronics X-CUBE-DISPLAY 3.0.0
2024-12-10 12:46:10,355 [INFO] ThirdParty:1030 - CMSIS Pack Vendor :RealThread X-CUBE-RT-Thread_Nano 4.1.1
2024-12-10 12:46:10,355 [INFO] ThirdParty:1030 - CMSIS Pack Vendor :STMicroelectronics X-CUBE-BLE1 7.0.0
2024-12-10 12:46:10,355 [INFO] ThirdParty:1030 - CMSIS Pack Vendor :STMicroelectronics FP-ATR-SIGFOX1 3.2.0
2024-12-10 12:46:10,355 [INFO] ThirdParty:1030 - CMSIS Pack Vendor :STMicroelectronics X-CUBE-NFC10 1.0.0
2024-12-10 12:46:10,355 [INFO] ThirdParty:1030 - CMSIS Pack Vendor :wolfSSL I-CUBE-wolfSSL 5.7.2
2024-12-10 12:46:10,355 [INFO] ThirdParty:1030 - CMSIS Pack Vendor :quantropi X-CUBE-qispace-sdk-base 1.9.3
2024-12-10 12:46:10,355 [INFO] ThirdParty:1030 - CMSIS Pack Vendor :STMicroelectronics X-CUBE-ISPU 2.0.0
2024-12-10 12:46:10,356 [INFO] ThirdParty:1030 - CMSIS Pack Vendor :STMicroelectronics X-CUBE-BLEMGR 4.0.0
2024-12-10 12:46:10,356 [INFO] ThirdParty:1030 - CMSIS Pack Vendor :STMicroelectronics X-CUBE-EEPRMA1 5.1.0
2024-12-10 12:46:10,356 [INFO] ThirdParty:1030 - CMSIS Pack Vendor :STMicroelectronics HAL Drivers 0.0.0
2024-12-10 12:46:10,356 [INFO] ThirdParty:1030 - CMSIS Pack Vendor :STMicroelectronics MBEDTLS 2.16.2
2024-12-10 12:46:10,356 [INFO] ThirdParty:1030 - CMSIS Pack Vendor :STMicroelectronics X-CUBE-ALS 1.0.2
2024-12-10 12:46:10,356 [INFO] ThirdParty:1030 - CMSIS Pack Vendor :emotas I-CUBE-CANOPEN 1.3.0
2024-12-10 12:46:10,356 [INFO] ThirdParty:1030 - CMSIS Pack Vendor :STMicroelectronics X-CUBE-FREERTOS 1.3.0
2024-12-10 12:46:10,356 [INFO] ThirdParty:1030 - CMSIS Pack Vendor :STMicroelectronics X-CUBE-MEMS1 10.0.0
2024-12-10 12:46:10,356 [INFO] ThirdParty:1030 - CMSIS Pack Vendor :wolfSSL I-CUBE-wolfSSL 5.7.4
2024-12-10 12:46:10,356 [INFO] ThirdParty:1030 - CMSIS Pack Vendor :STMicroelectronics X-CUBE-NFC7 1.0.1
2024-12-10 12:46:10,356 [INFO] ThirdParty:1030 - CMSIS Pack Vendor :STMicroelectronics MBEDTLS 2.14.1
2024-12-10 12:46:10,356 [INFO] ThirdParty:1030 - CMSIS Pack Vendor :STMicroelectronics X-CUBE-TOUCHGFX 4.24.0
2024-12-10 12:46:10,356 [INFO] ThirdParty:1030 - CMSIS Pack Vendor :ITTIA_DB I-CUBE-ITTIADB 8.9.0
2024-12-10 12:46:10,356 [INFO] ThirdParty:1030 - CMSIS Pack Vendor :wolfSSL I-CUBE-wolfTPM 3.2.0
2024-12-10 12:46:10,356 [INFO] ThirdParty:1030 - CMSIS Pack Vendor :STMicroelectronics X-CUBE-TOUCHGFX 4.24.1
2024-12-10 12:46:10,356 [INFO] ThirdParty:1030 - CMSIS Pack Vendor :wolfSSL I-CUBE-wolfTPM 3.4.0
2024-12-10 12:46:10,356 [INFO] ThirdParty:1030 - CMSIS Pack Vendor :portGmbH I-Cube-SoM-uGOAL 1.1.0
2024-12-10 12:46:10,356 [INFO] ThirdParty:1030 - CMSIS Pack Vendor :STMicroelectronics X-CUBE-BLEMGR 3.1.0
2024-12-10 12:46:10,356 [INFO] ThirdParty:1030 - CMSIS Pack Vendor :STMicroelectronics ThreadX 1.0.0
2024-12-10 12:46:10,356 [INFO] ThirdParty:1030 - CMSIS Pack Vendor :STMicroelectronics FP-SNS-SMARTAG2 1.2.0
2024-12-10 12:46:10,356 [INFO] ThirdParty:1030 - CMSIS Pack Vendor :STMicroelectronics X-CUBE-AZRTOS-WL 2.0.0
2024-12-10 12:46:10,356 [INFO] ThirdParty:1030 - CMSIS Pack Vendor :SEGGER I-CUBE-embOS 1.3.1
2024-12-10 12:46:10,356 [INFO] ThirdParty:1030 - CMSIS Pack Vendor :STMicroelectronics X-CUBE-ALGOBUILD 1.4.0
2024-12-10 12:46:10,357 [INFO] ThirdParty:1030 - CMSIS Pack Vendor :STMicroelectronics FP-SNS-MOTENV1 5.0.0
2024-12-10 12:46:10,357 [INFO] ThirdParty:1030 - CMSIS Pack Vendor :STMicroelectronics USB_DEVICE 1.0.0
2024-12-10 12:46:10,357 [INFO] ThirdParty:1030 - CMSIS Pack Vendor :STMicroelectronics X-CUBE-AZRTOS-H7RS 1.0.0
2024-12-10 12:46:10,357 [INFO] ThirdParty:1030 - CMSIS Pack Vendor :wolfSSL I-CUBE-wolfMQTT 1.19.0
2024-12-10 12:46:10,357 [INFO] ThirdParty:1030 - CMSIS Pack Vendor :STMicroelectronics X-CUBE-AZRTOS-L4 2.0.0
2024-12-10 12:46:10,357 [INFO] ThirdParty:1030 - CMSIS Pack Vendor :STMicroelectronics ThreadX 0.0.2
2024-12-10 12:46:10,357 [INFO] ThirdParty:1030 - CMSIS Pack Vendor :WES I-CUBE-Cesium 1.3.0
2024-12-10 12:46:10,357 [INFO] ThirdParty:1030 - CMSIS Pack Vendor :STMicroelectronics FP-ATR-ASTRA1 2.0.0
2024-12-10 12:46:10,357 [INFO] ThirdParty:1030 - CMSIS Pack Vendor :STMicroelectronics lwIP 2.1.2
2024-12-10 12:46:10,357 [INFO] ThirdParty:1030 - CMSIS Pack Vendor :STMicroelectronics X-CUBE-SFXS2LP1 4.0.0
2024-12-10 12:46:10,357 [INFO] ThirdParty:1030 - CMSIS Pack Vendor :STMicroelectronics X-CUBE-BLE2 3.3.0
2024-12-10 12:46:10,357 [INFO] ThirdParty:1030 - CMSIS Pack Vendor :STMicroelectronics X-CUBE-TOF1 3.4.2
2024-12-10 12:46:10,357 [INFO] ThirdParty:1030 - CMSIS Pack Vendor :STMicroelectronics X-CUBE-AI 9.1.0
2024-12-10 12:46:10,357 [INFO] ThirdParty:1030 - CMSIS Pack Vendor :Infineon AIROC-Wi-Fi-Bluetooth-STM32 1.6.1
2024-12-10 12:46:10,357 [INFO] ThirdParty:1030 - CMSIS Pack Vendor :STMicroelectronics X-CUBE-AZRTOS-H7 3.2.0
2024-12-10 12:46:10,357 [INFO] ThirdParty:1030 - CMSIS Pack Vendor :STMicroelectronics PDM2PCM 3.2.0
2024-12-10 12:46:10,357 [INFO] ThirdParty:1030 - CMSIS Pack Vendor :wolfSSL I-CUBE-wolfSSH 1.4.17
2024-12-10 12:46:10,358 [INFO] ThirdParty:841 - exiting critical section [change project]
2024-12-10 12:46:10,770 [INFO] PinOutPanel:1561 - setPackage(No Configuration,No Configuration)
2024-12-10 12:46:10,775 [INFO] PinOutPanel:1561 - setPackage(STM32G0B1RETx,LQFP64)
2024-12-10 12:46:11,731 [INFO] UtilMem:75 - Before build in PCC Used Memory: 806916488 Bytes (1073741824)
2024-12-10 12:46:12,040 [INFO] UtilMem:75 - After build in PCC Used Memory: 883462536 Bytes (1073741824)
2024-12-10 12:46:12,076 [INFO] IPUIPlugin:80 - create IPUIPlugin
2024-12-10 12:46:12,076 [INFO] IPUIPlugin:80 - create IPUIPlugin
2024-12-10 12:46:12,076 [INFO] IPUIPlugin:80 - create IPUIPlugin
2024-12-10 12:46:12,076 [INFO] IPUIPlugin:80 - create IPUIPlugin
2024-12-10 12:46:12,076 [INFO] IPUIPlugin:80 - create IPUIPlugin
2024-12-10 12:46:12,076 [INFO] IPUIPlugin:80 - create IPUIPlugin
2024-12-10 12:46:12,076 [INFO] IPUIPlugin:80 - create IPUIPlugin
2024-12-10 12:46:12,076 [INFO] IPUIPlugin:80 - create IPUIPlugin
2024-12-10 12:46:12,077 [INFO] IPUIPlugin:80 - create IPUIPlugin
2024-12-10 12:46:12,077 [INFO] IPUIPlugin:80 - create IPUIPlugin
2024-12-10 12:46:12,077 [INFO] IPUIPlugin:80 - create IPUIPlugin
2024-12-10 12:46:12,077 [INFO] IPUIPlugin:80 - create IPUIPlugin
2024-12-10 12:46:12,077 [INFO] IPUIPlugin:80 - create IPUIPlugin
2024-12-10 12:46:12,077 [INFO] IPUIPlugin:80 - create IPUIPlugin
2024-12-10 12:46:12,077 [INFO] IPUIPlugin:80 - create IPUIPlugin
2024-12-10 12:46:12,078 [INFO] IPUIPlugin:80 - create IPUIPlugin
2024-12-10 12:46:12,078 [INFO] IPUIPlugin:80 - create IPUIPlugin
2024-12-10 12:46:12,079 [INFO] IPUIPlugin:80 - create IPUIPlugin
2024-12-10 12:46:12,079 [INFO] IPUIPlugin:80 - create IPUIPlugin
2024-12-10 12:46:12,079 [INFO] IPUIPlugin:80 - create IPUIPlugin
2024-12-10 12:46:12,079 [INFO] IPUIPlugin:80 - create IPUIPlugin
2024-12-10 12:46:12,079 [INFO] IPUIPlugin:80 - create IPUIPlugin
2024-12-10 12:46:12,079 [INFO] IPUIPlugin:80 - create IPUIPlugin
2024-12-10 12:46:12,080 [INFO] IPUIPlugin:80 - create IPUIPlugin
2024-12-10 12:46:12,080 [INFO] IPUIPlugin:80 - create IPUIPlugin
2024-12-10 12:46:12,080 [INFO] IPUIPlugin:80 - create IPUIPlugin
2024-12-10 12:46:12,080 [INFO] IPUIPlugin:80 - create IPUIPlugin
2024-12-10 12:46:12,080 [INFO] IPUIPlugin:80 - create IPUIPlugin
2024-12-10 12:46:12,082 [INFO] IPUIPlugin:80 - create IPUIPlugin
2024-12-10 12:46:12,082 [INFO] IPUIPlugin:80 - create IPUIPlugin
2024-12-10 12:46:12,082 [INFO] IPUIPlugin:80 - create IPUIPlugin
2024-12-10 12:46:12,082 [INFO] IPUIPlugin:80 - create IPUIPlugin
2024-12-10 12:46:12,082 [INFO] IPUIPlugin:80 - create IPUIPlugin
2024-12-10 12:46:12,083 [INFO] IPUIPlugin:80 - create IPUIPlugin
2024-12-10 12:46:12,083 [INFO] IPUIPlugin:80 - create IPUIPlugin
2024-12-10 12:46:12,084 [INFO] IPUIPlugin:80 - create IPUIPlugin
2024-12-10 12:46:12,084 [INFO] IPUIPlugin:80 - create IPUIPlugin
2024-12-10 12:46:12,085 [INFO] IPUIPlugin:80 - create IPUIPlugin
2024-12-10 12:46:12,085 [INFO] IPUIPlugin:80 - create IPUIPlugin
2024-12-10 12:46:12,086 [INFO] IPUIPlugin:80 - create IPUIPlugin
2024-12-10 12:46:12,086 [INFO] IPUIPlugin:80 - create IPUIPlugin
2024-12-10 12:46:12,086 [INFO] IPUIPlugin:80 - create IPUIPlugin
2024-12-10 12:46:12,088 [INFO] IPUIPlugin:80 - create IPUIPlugin
2024-12-10 12:46:12,090 [INFO] IPUIPlugin:80 - create IPUIPlugin
2024-12-10 12:46:12,090 [INFO] IPUIPlugin:80 - create IPUIPlugin
2024-12-10 12:46:12,092 [INFO] IPUIPlugin:80 - create IPUIPlugin
2024-12-10 12:46:12,092 [INFO] IPUIPlugin:80 - create IPUIPlugin
2024-12-10 12:46:12,095 [INFO] IPUIPlugin:80 - create IPUIPlugin
2024-12-10 12:46:12,097 [INFO] IPUIPlugin:80 - create IPUIPlugin
2024-12-10 12:46:12,097 [INFO] IPUIPlugin:80 - create IPUIPlugin
2024-12-10 12:46:12,097 [INFO] IPUIPlugin:80 - create IPUIPlugin
2024-12-10 12:46:12,097 [INFO] IPUIPlugin:80 - create IPUIPlugin
2024-12-10 12:46:12,098 [INFO] IPUIPlugin:80 - create IPUIPlugin
2024-12-10 12:46:12,098 [INFO] IPUIPlugin:80 - create IPUIPlugin
2024-12-10 12:46:12,099 [INFO] IPUIPlugin:80 - create IPUIPlugin
2024-12-10 12:46:12,100 [INFO] IPUIPlugin:80 - create IPUIPlugin
2024-12-10 12:46:12,271 [INFO] CADModel:165 - CPN selected for project levelSTM32G0B1RET6
2024-12-10 12:46:12,271 [INFO] CADModel:114 - Register for checkConnection events
2024-12-10 12:46:12,356 [INFO] OpenFileManager:363 - Restore cursor
2024-12-10 12:49:10,756 [INFO] NvicIntPanel:101 - NVIC parent = com.st.microxplorer.plugins.ip.nvic.MultiNvicIntPanel[,0,0,459x380,layout=javax.swing.BoxLayout,alignmentX=0.0,alignmentY=0.0,border=,flags=9,maximumSize=,minimumSize=,preferredSize=]
2024-12-10 12:49:12,063 [INFO] NvicIntPanel:101 - NVIC parent = com.st.microxplorer.plugins.ip.nvic.MultiNvicIntPanel[,0,0,0x0,invalid,layout=javax.swing.BoxLayout,alignmentX=0.0,alignmentY=0.0,border=,flags=9,maximumSize=,minimumSize=,preferredSize=]
2024-12-10 12:49:49,153 [INFO] ApiDbMcu:508 - Load IP Config File for USB_Device
2024-12-10 12:49:49,154 [INFO] Middleware:612 - instanceName : USB_DEVICE bspName : BCD Detection check condition failed for : SEM_BCD_ENABLED
2024-12-10 12:49:49,155 [INFO] Middleware:612 - instanceName : USB_DEVICE bspName : BCD Detection check condition failed for : SEM_BCD_ENABLED
2024-12-10 12:49:49,155 [INFO] Middleware:612 - instanceName : USB_DEVICE bspName : BCD Detection check condition failed for : SEM_BCD_ENABLED
2024-12-10 12:49:49,155 [INFO] Middleware:612 - instanceName : USB_DEVICE bspName : BCD Detection check condition failed for : SEM_BCD_ENABLED
2024-12-10 12:49:49,155 [INFO] Middleware:612 - instanceName : USB_DEVICE bspName : BCD Detection check condition failed for : SEM_BCD_ENABLED
2024-12-10 12:49:49,155 [INFO] Middleware:612 - instanceName : USB_DEVICE bspName : BCD Detection check condition failed for : SEM_BCD_ENABLED
2024-12-10 12:49:49,155 [INFO] Middleware:612 - instanceName : USB_DEVICE bspName : BCD Detection check condition failed for : SEM_BCD_ENABLED
2024-12-10 12:49:49,155 [INFO] Middleware:612 - instanceName : USB_DEVICE bspName : BCD Detection check condition failed for : SEM_BCD_ENABLED
2024-12-10 12:49:49,155 [INFO] Middleware:612 - instanceName : USB_DEVICE bspName : BCD Detection check condition failed for : SEM_BCD_ENABLED
2024-12-10 12:49:49,155 [INFO] Middleware:612 - instanceName : USB_DEVICE bspName : BCD Detection check condition failed for : SEM_BCD_ENABLED
2024-12-10 12:49:49,155 [INFO] Middleware:612 - instanceName : USB_DEVICE bspName : BCD Detection check condition failed for : SEM_BCD_ENABLED
2024-12-10 12:49:49,155 [INFO] Middleware:612 - instanceName : USB_DEVICE bspName : BCD Detection check condition failed for : SEM_BCD_ENABLED
2024-12-10 12:49:49,156 [INFO] Middleware:612 - instanceName : USB_DEVICE bspName : BCD Detection check condition failed for : SEM_BCD_ENABLED
2024-12-10 12:49:49,156 [INFO] Middleware:612 - instanceName : USB_DEVICE bspName : BCD Detection check condition failed for : SEM_BCD_ENABLED
2024-12-10 12:49:49,156 [INFO] Middleware:612 - instanceName : USB_DEVICE bspName : BCD Detection check condition failed for : SEM_BCD_ENABLED
2024-12-10 12:49:49,156 [INFO] Middleware:612 - instanceName : USB_DEVICE bspName : BCD Detection check condition failed for : SEM_BCD_ENABLED
2024-12-10 12:49:49,296 [INFO] Middleware:612 - instanceName : USB_DEVICE bspName : BCD Detection check condition failed for : SEM_BCD_ENABLED
2024-12-10 12:49:49,296 [INFO] Middleware:612 - instanceName : USB_DEVICE bspName : BCD Detection check condition failed for : SEM_BCD_ENABLED
2024-12-10 12:49:49,296 [INFO] Middleware:612 - instanceName : USB_DEVICE bspName : BCD Detection check condition failed for : SEM_BCD_ENABLED
2024-12-10 12:49:49,296 [INFO] Middleware:612 - instanceName : USB_DEVICE bspName : BCD Detection check condition failed for : SEM_BCD_ENABLED
2024-12-10 12:49:49,296 [INFO] Middleware:612 - instanceName : USB_DEVICE bspName : BCD Detection check condition failed for : SEM_BCD_ENABLED
2024-12-10 12:49:49,296 [INFO] Middleware:612 - instanceName : USB_DEVICE bspName : BCD Detection check condition failed for : SEM_BCD_ENABLED
2024-12-10 12:49:49,296 [INFO] Middleware:612 - instanceName : USB_DEVICE bspName : BCD Detection check condition failed for : SEM_BCD_ENABLED
2024-12-10 12:49:49,296 [INFO] Middleware:612 - instanceName : USB_DEVICE bspName : BCD Detection check condition failed for : SEM_BCD_ENABLED
2024-12-10 12:49:49,296 [INFO] Middleware:612 - instanceName : USB_DEVICE bspName : BCD Detection check condition failed for : SEM_BCD_ENABLED
2024-12-10 12:49:49,296 [INFO] Middleware:612 - instanceName : USB_DEVICE bspName : BCD Detection check condition failed for : SEM_BCD_ENABLED
2024-12-10 12:49:49,296 [INFO] Middleware:612 - instanceName : USB_DEVICE bspName : BCD Detection check condition failed for : SEM_BCD_ENABLED
2024-12-10 12:49:49,296 [INFO] Middleware:612 - instanceName : USB_DEVICE bspName : BCD Detection check condition failed for : SEM_BCD_ENABLED
2024-12-10 12:49:49,296 [INFO] Middleware:612 - instanceName : USB_DEVICE bspName : BCD Detection check condition failed for : SEM_BCD_ENABLED
2024-12-10 12:49:49,296 [INFO] Middleware:612 - instanceName : USB_DEVICE bspName : BCD Detection check condition failed for : SEM_BCD_ENABLED
2024-12-10 12:49:49,296 [INFO] Middleware:612 - instanceName : USB_DEVICE bspName : BCD Detection check condition failed for : SEM_BCD_ENABLED
2024-12-10 12:49:49,296 [INFO] Middleware:612 - instanceName : USB_DEVICE bspName : BCD Detection check condition failed for : SEM_BCD_ENABLED
2024-12-10 12:49:49,307 [INFO] Middleware:612 - instanceName : USB_DEVICE bspName : BCD Detection check condition failed for : SEM_BCD_ENABLED
2024-12-10 12:49:49,307 [INFO] Middleware:612 - instanceName : USB_DEVICE bspName : BCD Detection check condition failed for : SEM_BCD_ENABLED
2024-12-10 12:49:49,307 [INFO] Middleware:612 - instanceName : USB_DEVICE bspName : BCD Detection check condition failed for : SEM_BCD_ENABLED
2024-12-10 12:49:49,307 [INFO] Middleware:612 - instanceName : USB_DEVICE bspName : BCD Detection check condition failed for : SEM_BCD_ENABLED
2024-12-10 12:49:49,307 [INFO] Middleware:612 - instanceName : USB_DEVICE bspName : BCD Detection check condition failed for : SEM_BCD_ENABLED
2024-12-10 12:49:49,307 [INFO] Middleware:612 - instanceName : USB_DEVICE bspName : BCD Detection check condition failed for : SEM_BCD_ENABLED
2024-12-10 12:49:49,307 [INFO] Middleware:612 - instanceName : USB_DEVICE bspName : BCD Detection check condition failed for : SEM_BCD_ENABLED
2024-12-10 12:49:49,307 [INFO] Middleware:612 - instanceName : USB_DEVICE bspName : BCD Detection check condition failed for : SEM_BCD_ENABLED
2024-12-10 12:49:49,307 [INFO] Middleware:612 - instanceName : USB_DEVICE bspName : BCD Detection check condition failed for : SEM_BCD_ENABLED
2024-12-10 12:49:49,307 [INFO] Middleware:612 - instanceName : USB_DEVICE bspName : BCD Detection check condition failed for : SEM_BCD_ENABLED
2024-12-10 12:49:49,307 [INFO] Middleware:612 - instanceName : USB_DEVICE bspName : BCD Detection check condition failed for : SEM_BCD_ENABLED
2024-12-10 12:49:49,307 [INFO] Middleware:612 - instanceName : USB_DEVICE bspName : BCD Detection check condition failed for : SEM_BCD_ENABLED
2024-12-10 12:49:49,307 [INFO] Middleware:612 - instanceName : USB_DEVICE bspName : BCD Detection check condition failed for : SEM_BCD_ENABLED
2024-12-10 12:49:49,307 [INFO] Middleware:612 - instanceName : USB_DEVICE bspName : BCD Detection check condition failed for : SEM_BCD_ENABLED
2024-12-10 12:49:49,307 [INFO] Middleware:612 - instanceName : USB_DEVICE bspName : BCD Detection check condition failed for : SEM_BCD_ENABLED
2024-12-10 12:49:49,307 [INFO] Middleware:612 - instanceName : USB_DEVICE bspName : BCD Detection check condition failed for : SEM_BCD_ENABLED
2024-12-10 12:49:49,474 [INFO] Middleware:612 - instanceName : USB_DEVICE bspName : BCD Detection check condition failed for : SEM_BCD_ENABLED
2024-12-10 12:49:49,474 [INFO] Middleware:612 - instanceName : USB_DEVICE bspName : BCD Detection check condition failed for : SEM_BCD_ENABLED
2024-12-10 12:49:49,474 [INFO] Middleware:612 - instanceName : USB_DEVICE bspName : BCD Detection check condition failed for : SEM_BCD_ENABLED
2024-12-10 12:49:49,474 [INFO] Middleware:612 - instanceName : USB_DEVICE bspName : BCD Detection check condition failed for : SEM_BCD_ENABLED
2024-12-10 12:49:49,474 [INFO] Middleware:612 - instanceName : USB_DEVICE bspName : BCD Detection check condition failed for : SEM_BCD_ENABLED
2024-12-10 12:49:49,474 [INFO] Middleware:612 - instanceName : USB_DEVICE bspName : BCD Detection check condition failed for : SEM_BCD_ENABLED
2024-12-10 12:49:49,474 [INFO] Middleware:612 - instanceName : USB_DEVICE bspName : BCD Detection check condition failed for : SEM_BCD_ENABLED
2024-12-10 12:49:49,474 [INFO] Middleware:612 - instanceName : USB_DEVICE bspName : BCD Detection check condition failed for : SEM_BCD_ENABLED
2024-12-10 12:49:49,474 [INFO] Middleware:612 - instanceName : USB_DEVICE bspName : BCD Detection check condition failed for : SEM_BCD_ENABLED
2024-12-10 12:49:49,474 [INFO] Middleware:612 - instanceName : USB_DEVICE bspName : BCD Detection check condition failed for : SEM_BCD_ENABLED
2024-12-10 12:49:49,474 [INFO] Middleware:612 - instanceName : USB_DEVICE bspName : BCD Detection check condition failed for : SEM_BCD_ENABLED
2024-12-10 12:49:49,474 [INFO] Middleware:612 - instanceName : USB_DEVICE bspName : BCD Detection check condition failed for : SEM_BCD_ENABLED
2024-12-10 12:49:49,475 [INFO] Middleware:612 - instanceName : USB_DEVICE bspName : BCD Detection check condition failed for : SEM_BCD_ENABLED
2024-12-10 12:49:49,475 [INFO] Middleware:612 - instanceName : USB_DEVICE bspName : BCD Detection check condition failed for : SEM_BCD_ENABLED
2024-12-10 12:49:49,475 [INFO] Middleware:612 - instanceName : USB_DEVICE bspName : BCD Detection check condition failed for : SEM_BCD_ENABLED
2024-12-10 12:49:49,475 [INFO] Middleware:612 - instanceName : USB_DEVICE bspName : BCD Detection check condition failed for : SEM_BCD_ENABLED
2024-12-10 12:50:03,856 [INFO] Middleware:612 - instanceName : USB_DEVICE bspName : BCD Detection check condition failed for : SEM_BCD_ENABLED
2024-12-10 12:50:03,856 [INFO] Middleware:612 - instanceName : USB_DEVICE bspName : BCD Detection check condition failed for : SEM_BCD_ENABLED
2024-12-10 12:50:03,856 [INFO] Middleware:612 - instanceName : USB_DEVICE bspName : BCD Detection check condition failed for : SEM_BCD_ENABLED
2024-12-10 12:50:03,856 [INFO] Middleware:612 - instanceName : USB_DEVICE bspName : BCD Detection check condition failed for : SEM_BCD_ENABLED
2024-12-10 12:50:03,856 [INFO] Middleware:612 - instanceName : USB_DEVICE bspName : BCD Detection check condition failed for : SEM_BCD_ENABLED
2024-12-10 12:50:03,856 [INFO] Middleware:612 - instanceName : USB_DEVICE bspName : BCD Detection check condition failed for : SEM_BCD_ENABLED
2024-12-10 12:50:03,856 [INFO] Middleware:612 - instanceName : USB_DEVICE bspName : BCD Detection check condition failed for : SEM_BCD_ENABLED
2024-12-10 12:50:03,856 [INFO] Middleware:612 - instanceName : USB_DEVICE bspName : BCD Detection check condition failed for : SEM_BCD_ENABLED
2024-12-10 12:50:03,856 [INFO] Middleware:612 - instanceName : USB_DEVICE bspName : BCD Detection check condition failed for : SEM_BCD_ENABLED
2024-12-10 12:50:03,856 [INFO] Middleware:612 - instanceName : USB_DEVICE bspName : BCD Detection check condition failed for : SEM_BCD_ENABLED
2024-12-10 12:50:03,856 [INFO] Middleware:612 - instanceName : USB_DEVICE bspName : BCD Detection check condition failed for : SEM_BCD_ENABLED
2024-12-10 12:50:03,856 [INFO] Middleware:612 - instanceName : USB_DEVICE bspName : BCD Detection check condition failed for : SEM_BCD_ENABLED
2024-12-10 12:50:03,856 [INFO] Middleware:612 - instanceName : USB_DEVICE bspName : BCD Detection check condition failed for : SEM_BCD_ENABLED
2024-12-10 12:50:03,856 [INFO] Middleware:612 - instanceName : USB_DEVICE bspName : BCD Detection check condition failed for : SEM_BCD_ENABLED
2024-12-10 12:50:03,858 [INFO] Middleware:612 - instanceName : USB_DEVICE bspName : BCD Detection check condition failed for : SEM_BCD_ENABLED
2024-12-10 12:50:03,858 [INFO] Middleware:612 - instanceName : USB_DEVICE bspName : BCD Detection check condition failed for : SEM_BCD_ENABLED
2024-12-10 12:50:03,858 [INFO] Middleware:612 - instanceName : USB_DEVICE bspName : BCD Detection check condition failed for : SEM_BCD_ENABLED
2024-12-10 12:50:03,858 [INFO] Middleware:612 - instanceName : USB_DEVICE bspName : BCD Detection check condition failed for : SEM_BCD_ENABLED
2024-12-10 12:50:03,858 [INFO] Middleware:612 - instanceName : USB_DEVICE bspName : BCD Detection check condition failed for : SEM_BCD_ENABLED
2024-12-10 12:50:03,858 [INFO] Middleware:612 - instanceName : USB_DEVICE bspName : BCD Detection check condition failed for : SEM_BCD_ENABLED
2024-12-10 12:50:03,858 [INFO] Middleware:612 - instanceName : USB_DEVICE bspName : BCD Detection check condition failed for : SEM_BCD_ENABLED
2024-12-10 12:50:03,858 [INFO] Middleware:612 - instanceName : USB_DEVICE bspName : BCD Detection check condition failed for : SEM_BCD_ENABLED
2024-12-10 12:50:03,858 [INFO] Middleware:612 - instanceName : USB_DEVICE bspName : BCD Detection check condition failed for : SEM_BCD_ENABLED
2024-12-10 12:50:03,858 [INFO] Middleware:612 - instanceName : USB_DEVICE bspName : BCD Detection check condition failed for : SEM_BCD_ENABLED
2024-12-10 12:50:03,859 [INFO] Middleware:612 - instanceName : USB_DEVICE bspName : BCD Detection check condition failed for : SEM_BCD_ENABLED
2024-12-10 12:50:03,859 [INFO] Middleware:612 - instanceName : USB_DEVICE bspName : BCD Detection check condition failed for : SEM_BCD_ENABLED
2024-12-10 12:50:03,859 [INFO] Middleware:612 - instanceName : USB_DEVICE bspName : BCD Detection check condition failed for : SEM_BCD_ENABLED
2024-12-10 12:50:03,859 [INFO] Middleware:612 - instanceName : USB_DEVICE bspName : BCD Detection check condition failed for : SEM_BCD_ENABLED
2024-12-10 12:50:03,859 [INFO] Middleware:612 - instanceName : USB_DEVICE bspName : BCD Detection check condition failed for : SEM_BCD_ENABLED
2024-12-10 12:50:03,859 [INFO] Middleware:612 - instanceName : USB_DEVICE bspName : BCD Detection check condition failed for : SEM_BCD_ENABLED
2024-12-10 12:50:03,859 [INFO] Middleware:612 - instanceName : USB_DEVICE bspName : BCD Detection check condition failed for : SEM_BCD_ENABLED
2024-12-10 12:50:03,859 [INFO] Middleware:612 - instanceName : USB_DEVICE bspName : BCD Detection check condition failed for : SEM_BCD_ENABLED
2024-12-10 12:50:03,868 [INFO] Middleware:612 - instanceName : USB_DEVICE bspName : BCD Detection check condition failed for : SEM_BCD_ENABLED
2024-12-10 12:50:03,868 [INFO] Middleware:612 - instanceName : USB_DEVICE bspName : BCD Detection check condition failed for : SEM_BCD_ENABLED
2024-12-10 12:50:03,868 [INFO] Middleware:612 - instanceName : USB_DEVICE bspName : BCD Detection check condition failed for : SEM_BCD_ENABLED
2024-12-10 12:50:03,868 [INFO] Middleware:612 - instanceName : USB_DEVICE bspName : BCD Detection check condition failed for : SEM_BCD_ENABLED
2024-12-10 12:50:03,868 [INFO] Middleware:612 - instanceName : USB_DEVICE bspName : BCD Detection check condition failed for : SEM_BCD_ENABLED
2024-12-10 12:50:03,868 [INFO] Middleware:612 - instanceName : USB_DEVICE bspName : BCD Detection check condition failed for : SEM_BCD_ENABLED
2024-12-10 12:50:03,868 [INFO] Middleware:612 - instanceName : USB_DEVICE bspName : BCD Detection check condition failed for : SEM_BCD_ENABLED
2024-12-10 12:50:03,868 [INFO] Middleware:612 - instanceName : USB_DEVICE bspName : BCD Detection check condition failed for : SEM_BCD_ENABLED
2024-12-10 12:50:03,868 [INFO] Middleware:612 - instanceName : USB_DEVICE bspName : BCD Detection check condition failed for : SEM_BCD_ENABLED
2024-12-10 12:50:03,868 [INFO] Middleware:612 - instanceName : USB_DEVICE bspName : BCD Detection check condition failed for : SEM_BCD_ENABLED
2024-12-10 12:50:03,868 [INFO] Middleware:612 - instanceName : USB_DEVICE bspName : BCD Detection check condition failed for : SEM_BCD_ENABLED
2024-12-10 12:50:03,868 [INFO] Middleware:612 - instanceName : USB_DEVICE bspName : BCD Detection check condition failed for : SEM_BCD_ENABLED
2024-12-10 12:50:03,868 [INFO] Middleware:612 - instanceName : USB_DEVICE bspName : BCD Detection check condition failed for : SEM_BCD_ENABLED
2024-12-10 12:50:03,868 [INFO] Middleware:612 - instanceName : USB_DEVICE bspName : BCD Detection check condition failed for : SEM_BCD_ENABLED
2024-12-10 12:50:03,868 [INFO] Middleware:612 - instanceName : USB_DEVICE bspName : BCD Detection check condition failed for : SEM_BCD_ENABLED
2024-12-10 12:50:03,868 [INFO] Middleware:612 - instanceName : USB_DEVICE bspName : BCD Detection check condition failed for : SEM_BCD_ENABLED
2024-12-10 12:50:03,912 [INFO] Middleware:612 - instanceName : USB_DEVICE bspName : BCD Detection check condition failed for : SEM_BCD_ENABLED
2024-12-10 12:50:03,913 [INFO] Middleware:612 - instanceName : USB_DEVICE bspName : BCD Detection check condition failed for : SEM_BCD_ENABLED
2024-12-10 12:50:03,913 [INFO] Middleware:612 - instanceName : USB_DEVICE bspName : BCD Detection check condition failed for : SEM_BCD_ENABLED
2024-12-10 12:50:03,913 [INFO] Middleware:612 - instanceName : USB_DEVICE bspName : BCD Detection check condition failed for : SEM_BCD_ENABLED
2024-12-10 12:50:03,913 [INFO] Middleware:612 - instanceName : USB_DEVICE bspName : BCD Detection check condition failed for : SEM_BCD_ENABLED
2024-12-10 12:50:03,913 [INFO] Middleware:612 - instanceName : USB_DEVICE bspName : BCD Detection check condition failed for : SEM_BCD_ENABLED
2024-12-10 12:50:03,913 [INFO] Middleware:612 - instanceName : USB_DEVICE bspName : BCD Detection check condition failed for : SEM_BCD_ENABLED
2024-12-10 12:50:03,913 [INFO] Middleware:612 - instanceName : USB_DEVICE bspName : BCD Detection check condition failed for : SEM_BCD_ENABLED
2024-12-10 12:50:03,913 [INFO] Middleware:612 - instanceName : USB_DEVICE bspName : BCD Detection check condition failed for : SEM_BCD_ENABLED
2024-12-10 12:50:03,913 [INFO] Middleware:612 - instanceName : USB_DEVICE bspName : BCD Detection check condition failed for : SEM_BCD_ENABLED
2024-12-10 12:50:03,913 [INFO] Middleware:612 - instanceName : USB_DEVICE bspName : BCD Detection check condition failed for : SEM_BCD_ENABLED
2024-12-10 12:50:03,913 [INFO] Middleware:612 - instanceName : USB_DEVICE bspName : BCD Detection check condition failed for : SEM_BCD_ENABLED
2024-12-10 12:50:03,913 [INFO] Middleware:612 - instanceName : USB_DEVICE bspName : BCD Detection check condition failed for : SEM_BCD_ENABLED
2024-12-10 12:50:03,913 [INFO] Middleware:612 - instanceName : USB_DEVICE bspName : BCD Detection check condition failed for : SEM_BCD_ENABLED
2024-12-10 12:50:03,913 [INFO] Middleware:612 - instanceName : USB_DEVICE bspName : BCD Detection check condition failed for : SEM_BCD_ENABLED
2024-12-10 12:50:03,913 [INFO] Middleware:612 - instanceName : USB_DEVICE bspName : BCD Detection check condition failed for : SEM_BCD_ENABLED
2024-12-10 12:50:03,944 [INFO] Middleware:612 - instanceName : USB_DEVICE bspName : BCD Detection check condition failed for : SEM_BCD_ENABLED
2024-12-10 12:50:03,944 [INFO] Middleware:612 - instanceName : USB_DEVICE bspName : BCD Detection check condition failed for : SEM_BCD_ENABLED
2024-12-10 12:50:03,944 [INFO] Middleware:612 - instanceName : USB_DEVICE bspName : BCD Detection check condition failed for : SEM_BCD_ENABLED
2024-12-10 12:50:03,944 [INFO] Middleware:612 - instanceName : USB_DEVICE bspName : BCD Detection check condition failed for : SEM_BCD_ENABLED
2024-12-10 12:50:03,944 [INFO] Middleware:612 - instanceName : USB_DEVICE bspName : BCD Detection check condition failed for : SEM_BCD_ENABLED
2024-12-10 12:50:03,944 [INFO] Middleware:612 - instanceName : USB_DEVICE bspName : BCD Detection check condition failed for : SEM_BCD_ENABLED
2024-12-10 12:50:03,944 [INFO] Middleware:612 - instanceName : USB_DEVICE bspName : BCD Detection check condition failed for : SEM_BCD_ENABLED
2024-12-10 12:50:03,944 [INFO] Middleware:612 - instanceName : USB_DEVICE bspName : BCD Detection check condition failed for : SEM_BCD_ENABLED
2024-12-10 12:50:03,944 [INFO] Middleware:612 - instanceName : USB_DEVICE bspName : BCD Detection check condition failed for : SEM_BCD_ENABLED
2024-12-10 12:50:03,944 [INFO] Middleware:612 - instanceName : USB_DEVICE bspName : BCD Detection check condition failed for : SEM_BCD_ENABLED
2024-12-10 12:50:03,944 [INFO] Middleware:612 - instanceName : USB_DEVICE bspName : BCD Detection check condition failed for : SEM_BCD_ENABLED
2024-12-10 12:50:03,944 [INFO] Middleware:612 - instanceName : USB_DEVICE bspName : BCD Detection check condition failed for : SEM_BCD_ENABLED
2024-12-10 12:50:03,944 [INFO] Middleware:612 - instanceName : USB_DEVICE bspName : BCD Detection check condition failed for : SEM_BCD_ENABLED
2024-12-10 12:50:03,944 [INFO] Middleware:612 - instanceName : USB_DEVICE bspName : BCD Detection check condition failed for : SEM_BCD_ENABLED
2024-12-10 12:50:03,944 [INFO] Middleware:612 - instanceName : USB_DEVICE bspName : BCD Detection check condition failed for : SEM_BCD_ENABLED
2024-12-10 12:50:03,944 [INFO] Middleware:612 - instanceName : USB_DEVICE bspName : BCD Detection check condition failed for : SEM_BCD_ENABLED
2024-12-10 12:50:05,964 [INFO] Middleware:612 - instanceName : USB_DEVICE bspName : BCD Detection check condition failed for : SEM_BCD_ENABLED
2024-12-10 12:50:05,964 [INFO] Middleware:612 - instanceName : USB_DEVICE bspName : BCD Detection check condition failed for : SEM_BCD_ENABLED
2024-12-10 12:50:05,964 [INFO] Middleware:612 - instanceName : USB_DEVICE bspName : BCD Detection check condition failed for : SEM_BCD_ENABLED
2024-12-10 12:50:05,964 [INFO] Middleware:612 - instanceName : USB_DEVICE bspName : BCD Detection check condition failed for : SEM_BCD_ENABLED
2024-12-10 12:50:05,964 [INFO] Middleware:612 - instanceName : USB_DEVICE bspName : BCD Detection check condition failed for : SEM_BCD_ENABLED
2024-12-10 12:50:05,964 [INFO] Middleware:612 - instanceName : USB_DEVICE bspName : BCD Detection check condition failed for : SEM_BCD_ENABLED
2024-12-10 12:50:05,964 [INFO] Middleware:612 - instanceName : USB_DEVICE bspName : BCD Detection check condition failed for : SEM_BCD_ENABLED
2024-12-10 12:50:05,964 [INFO] Middleware:612 - instanceName : USB_DEVICE bspName : BCD Detection check condition failed for : SEM_BCD_ENABLED
2024-12-10 12:50:05,964 [INFO] Middleware:612 - instanceName : USB_DEVICE bspName : BCD Detection check condition failed for : SEM_BCD_ENABLED
2024-12-10 12:50:05,964 [INFO] Middleware:612 - instanceName : USB_DEVICE bspName : BCD Detection check condition failed for : SEM_BCD_ENABLED
2024-12-10 12:50:05,964 [INFO] Middleware:612 - instanceName : USB_DEVICE bspName : BCD Detection check condition failed for : SEM_BCD_ENABLED
2024-12-10 12:50:05,964 [INFO] Middleware:612 - instanceName : USB_DEVICE bspName : BCD Detection check condition failed for : SEM_BCD_ENABLED
2024-12-10 12:50:05,964 [INFO] Middleware:612 - instanceName : USB_DEVICE bspName : BCD Detection check condition failed for : SEM_BCD_ENABLED
2024-12-10 12:50:05,964 [INFO] Middleware:612 - instanceName : USB_DEVICE bspName : BCD Detection check condition failed for : SEM_BCD_ENABLED
2024-12-10 12:50:05,964 [INFO] Middleware:612 - instanceName : USB_DEVICE bspName : BCD Detection check condition failed for : SEM_BCD_ENABLED
2024-12-10 12:50:05,964 [INFO] Middleware:612 - instanceName : USB_DEVICE bspName : BCD Detection check condition failed for : SEM_BCD_ENABLED
2024-12-10 12:50:05,964 [INFO] Middleware:612 - instanceName : USB_DEVICE bspName : BCD Detection check condition failed for : SEM_BCD_ENABLED
2024-12-10 12:50:05,964 [INFO] Middleware:612 - instanceName : USB_DEVICE bspName : BCD Detection check condition failed for : SEM_BCD_ENABLED
2024-12-10 12:50:05,965 [INFO] Middleware:612 - instanceName : USB_DEVICE bspName : BCD Detection check condition failed for : SEM_BCD_ENABLED
2024-12-10 12:50:05,965 [INFO] Middleware:612 - instanceName : USB_DEVICE bspName : BCD Detection check condition failed for : SEM_BCD_ENABLED
2024-12-10 12:50:05,965 [INFO] Middleware:612 - instanceName : USB_DEVICE bspName : BCD Detection check condition failed for : SEM_BCD_ENABLED
2024-12-10 12:50:05,965 [INFO] Middleware:612 - instanceName : USB_DEVICE bspName : BCD Detection check condition failed for : SEM_BCD_ENABLED
2024-12-10 12:50:05,965 [INFO] Middleware:612 - instanceName : USB_DEVICE bspName : BCD Detection check condition failed for : SEM_BCD_ENABLED
2024-12-10 12:50:05,965 [INFO] Middleware:612 - instanceName : USB_DEVICE bspName : BCD Detection check condition failed for : SEM_BCD_ENABLED
2024-12-10 12:50:05,965 [INFO] Middleware:612 - instanceName : USB_DEVICE bspName : BCD Detection check condition failed for : SEM_BCD_ENABLED
2024-12-10 12:50:05,965 [INFO] Middleware:612 - instanceName : USB_DEVICE bspName : BCD Detection check condition failed for : SEM_BCD_ENABLED
2024-12-10 12:50:05,965 [INFO] Middleware:612 - instanceName : USB_DEVICE bspName : BCD Detection check condition failed for : SEM_BCD_ENABLED
2024-12-10 12:50:05,965 [INFO] Middleware:612 - instanceName : USB_DEVICE bspName : BCD Detection check condition failed for : SEM_BCD_ENABLED
2024-12-10 12:50:05,965 [INFO] Middleware:612 - instanceName : USB_DEVICE bspName : BCD Detection check condition failed for : SEM_BCD_ENABLED
2024-12-10 12:50:05,965 [INFO] Middleware:612 - instanceName : USB_DEVICE bspName : BCD Detection check condition failed for : SEM_BCD_ENABLED
2024-12-10 12:50:05,965 [INFO] Middleware:612 - instanceName : USB_DEVICE bspName : BCD Detection check condition failed for : SEM_BCD_ENABLED
2024-12-10 12:50:05,965 [INFO] Middleware:612 - instanceName : USB_DEVICE bspName : BCD Detection check condition failed for : SEM_BCD_ENABLED
2024-12-10 12:50:05,967 [INFO] Middleware:612 - instanceName : USB_DEVICE bspName : BCD Detection check condition failed for : SEM_BCD_ENABLED
2024-12-10 12:50:05,967 [INFO] Middleware:612 - instanceName : USB_DEVICE bspName : BCD Detection check condition failed for : SEM_BCD_ENABLED
2024-12-10 12:50:05,967 [INFO] Middleware:612 - instanceName : USB_DEVICE bspName : BCD Detection check condition failed for : SEM_BCD_ENABLED
2024-12-10 12:50:05,967 [INFO] Middleware:612 - instanceName : USB_DEVICE bspName : BCD Detection check condition failed for : SEM_BCD_ENABLED
2024-12-10 12:50:05,967 [INFO] Middleware:612 - instanceName : USB_DEVICE bspName : BCD Detection check condition failed for : SEM_BCD_ENABLED
2024-12-10 12:50:05,967 [INFO] Middleware:612 - instanceName : USB_DEVICE bspName : BCD Detection check condition failed for : SEM_BCD_ENABLED
2024-12-10 12:50:05,967 [INFO] Middleware:612 - instanceName : USB_DEVICE bspName : BCD Detection check condition failed for : SEM_BCD_ENABLED
2024-12-10 12:50:05,967 [INFO] Middleware:612 - instanceName : USB_DEVICE bspName : BCD Detection check condition failed for : SEM_BCD_ENABLED
2024-12-10 12:50:05,967 [INFO] Middleware:612 - instanceName : USB_DEVICE bspName : BCD Detection check condition failed for : SEM_BCD_ENABLED
2024-12-10 12:50:05,967 [INFO] Middleware:612 - instanceName : USB_DEVICE bspName : BCD Detection check condition failed for : SEM_BCD_ENABLED
2024-12-10 12:50:05,967 [INFO] Middleware:612 - instanceName : USB_DEVICE bspName : BCD Detection check condition failed for : SEM_BCD_ENABLED
2024-12-10 12:50:05,967 [INFO] Middleware:612 - instanceName : USB_DEVICE bspName : BCD Detection check condition failed for : SEM_BCD_ENABLED
2024-12-10 12:50:05,967 [INFO] Middleware:612 - instanceName : USB_DEVICE bspName : BCD Detection check condition failed for : SEM_BCD_ENABLED
2024-12-10 12:50:05,967 [INFO] Middleware:612 - instanceName : USB_DEVICE bspName : BCD Detection check condition failed for : SEM_BCD_ENABLED
2024-12-10 12:50:05,967 [INFO] Middleware:612 - instanceName : USB_DEVICE bspName : BCD Detection check condition failed for : SEM_BCD_ENABLED
2024-12-10 12:50:05,967 [INFO] Middleware:612 - instanceName : USB_DEVICE bspName : BCD Detection check condition failed for : SEM_BCD_ENABLED
2024-12-10 12:50:06,020 [INFO] Middleware:612 - instanceName : USB_DEVICE bspName : BCD Detection check condition failed for : SEM_BCD_ENABLED
2024-12-10 12:50:06,020 [INFO] Middleware:612 - instanceName : USB_DEVICE bspName : BCD Detection check condition failed for : SEM_BCD_ENABLED
2024-12-10 12:50:06,020 [INFO] Middleware:612 - instanceName : USB_DEVICE bspName : BCD Detection check condition failed for : SEM_BCD_ENABLED
2024-12-10 12:50:06,020 [INFO] Middleware:612 - instanceName : USB_DEVICE bspName : BCD Detection check condition failed for : SEM_BCD_ENABLED
2024-12-10 12:50:06,020 [INFO] Middleware:612 - instanceName : USB_DEVICE bspName : BCD Detection check condition failed for : SEM_BCD_ENABLED
2024-12-10 12:50:06,020 [INFO] Middleware:612 - instanceName : USB_DEVICE bspName : BCD Detection check condition failed for : SEM_BCD_ENABLED
2024-12-10 12:50:06,020 [INFO] Middleware:612 - instanceName : USB_DEVICE bspName : BCD Detection check condition failed for : SEM_BCD_ENABLED
2024-12-10 12:50:06,020 [INFO] Middleware:612 - instanceName : USB_DEVICE bspName : BCD Detection check condition failed for : SEM_BCD_ENABLED
2024-12-10 12:50:06,020 [INFO] Middleware:612 - instanceName : USB_DEVICE bspName : BCD Detection check condition failed for : SEM_BCD_ENABLED
2024-12-10 12:50:06,020 [INFO] Middleware:612 - instanceName : USB_DEVICE bspName : BCD Detection check condition failed for : SEM_BCD_ENABLED
2024-12-10 12:50:06,020 [INFO] Middleware:612 - instanceName : USB_DEVICE bspName : BCD Detection check condition failed for : SEM_BCD_ENABLED
2024-12-10 12:50:06,020 [INFO] Middleware:612 - instanceName : USB_DEVICE bspName : BCD Detection check condition failed for : SEM_BCD_ENABLED
2024-12-10 12:50:06,020 [INFO] Middleware:612 - instanceName : USB_DEVICE bspName : BCD Detection check condition failed for : SEM_BCD_ENABLED
2024-12-10 12:50:06,020 [INFO] Middleware:612 - instanceName : USB_DEVICE bspName : BCD Detection check condition failed for : SEM_BCD_ENABLED
2024-12-10 12:50:06,020 [INFO] Middleware:612 - instanceName : USB_DEVICE bspName : BCD Detection check condition failed for : SEM_BCD_ENABLED
2024-12-10 12:50:06,020 [INFO] Middleware:612 - instanceName : USB_DEVICE bspName : BCD Detection check condition failed for : SEM_BCD_ENABLED
2024-12-10 12:50:06,033 [INFO] Middleware:612 - instanceName : USB_DEVICE bspName : BCD Detection check condition failed for : SEM_BCD_ENABLED
2024-12-10 12:50:06,033 [INFO] Middleware:612 - instanceName : USB_DEVICE bspName : BCD Detection check condition failed for : SEM_BCD_ENABLED
2024-12-10 12:50:06,033 [INFO] Middleware:612 - instanceName : USB_DEVICE bspName : BCD Detection check condition failed for : SEM_BCD_ENABLED
2024-12-10 12:50:06,033 [INFO] Middleware:612 - instanceName : USB_DEVICE bspName : BCD Detection check condition failed for : SEM_BCD_ENABLED
2024-12-10 12:50:06,033 [INFO] Middleware:612 - instanceName : USB_DEVICE bspName : BCD Detection check condition failed for : SEM_BCD_ENABLED
2024-12-10 12:50:06,033 [INFO] Middleware:612 - instanceName : USB_DEVICE bspName : BCD Detection check condition failed for : SEM_BCD_ENABLED
2024-12-10 12:50:06,033 [INFO] Middleware:612 - instanceName : USB_DEVICE bspName : BCD Detection check condition failed for : SEM_BCD_ENABLED
2024-12-10 12:50:06,033 [INFO] Middleware:612 - instanceName : USB_DEVICE bspName : BCD Detection check condition failed for : SEM_BCD_ENABLED
2024-12-10 12:50:06,033 [INFO] Middleware:612 - instanceName : USB_DEVICE bspName : BCD Detection check condition failed for : SEM_BCD_ENABLED
2024-12-10 12:50:06,033 [INFO] Middleware:612 - instanceName : USB_DEVICE bspName : BCD Detection check condition failed for : SEM_BCD_ENABLED
2024-12-10 12:50:06,033 [INFO] Middleware:612 - instanceName : USB_DEVICE bspName : BCD Detection check condition failed for : SEM_BCD_ENABLED
2024-12-10 12:50:06,033 [INFO] Middleware:612 - instanceName : USB_DEVICE bspName : BCD Detection check condition failed for : SEM_BCD_ENABLED
2024-12-10 12:50:06,033 [INFO] Middleware:612 - instanceName : USB_DEVICE bspName : BCD Detection check condition failed for : SEM_BCD_ENABLED
2024-12-10 12:50:06,033 [INFO] Middleware:612 - instanceName : USB_DEVICE bspName : BCD Detection check condition failed for : SEM_BCD_ENABLED
2024-12-10 12:50:06,033 [INFO] Middleware:612 - instanceName : USB_DEVICE bspName : BCD Detection check condition failed for : SEM_BCD_ENABLED
2024-12-10 12:50:06,033 [INFO] Middleware:612 - instanceName : USB_DEVICE bspName : BCD Detection check condition failed for : SEM_BCD_ENABLED
2024-12-10 12:50:19,718 [INFO] UtilMem:75 - End SaveConfig() Used Memory: 752535904 Bytes (1073741824)
2024-12-10 12:50:23,520 [INFO] UtilMem:75 - End SaveConfig() Used Memory: 849774672 Bytes (1073741824)
2024-12-10 12:50:24,238 [INFO] BlockDiagram:2766 - set Specific Code input for plugin: USB_Device
2024-12-10 12:50:24,238 [INFO] BlockDiagram:2766 - set Specific Code input for plugin: SYS
2024-12-10 12:50:24,238 [INFO] BlockDiagram:2766 - set Specific Code input for plugin: RCC
2024-12-10 12:50:24,238 [INFO] BlockDiagram:2766 - set Specific Code input for plugin: NVIC
2024-12-10 12:50:24,238 [INFO] BlockDiagram:2766 - set Specific Code input for plugin: USB_DRD_FS
2024-12-10 12:50:24,238 [INFO] BlockDiagram:2766 - set Specific Code input for plugin: USART
2024-12-10 12:50:24,239 [INFO] BlockDiagram:2766 - set Specific Code input for plugin: GPIO
2024-12-10 12:50:24,246 [INFO] CodeGenerator:807 - code generatio: config db path: C:\ST\STM32CubeIDE_1.16.0\STM32CubeIDE\plugins\com.st.stm32cube.common.mx_6.12.0.202406281431\\db\
2024-12-10 12:50:24,986 [INFO] CodeEngine:255 - oldGeneratedFile, C:\Users\lagoeirl\STM32CubeIDE\USB\USB_TEST\MXTmpFiles\license.tmp_save
2024-12-10 12:50:25,183 [INFO] CodeEngine:279 - Generated code: C:\Users\lagoeirl\STM32CubeIDE\USB\USB_TEST\MXTmpFiles\license.tmp
2024-12-10 12:50:25,346 [INFO] CodeEngine:255 - oldGeneratedFile, C:\Users\lagoeirl\STM32CubeIDE\USB\USB_TEST\MXTmpFiles\gpio.tmp_save
2024-12-10 12:50:25,542 [INFO] CodeEngine:279 - Generated code: C:\Users\lagoeirl\STM32CubeIDE\USB\USB_TEST\MXTmpFiles\gpio.tmp
2024-12-10 12:50:25,782 [INFO] CodeEngine:255 - oldGeneratedFile, C:\Users\lagoeirl\STM32CubeIDE\USB\USB_TEST\MXTmpFiles\usb_drd_fs_vars.tmp_save
2024-12-10 12:50:25,907 [INFO] CodeEngine:279 - Generated code: C:\Users\lagoeirl\STM32CubeIDE\USB\USB_TEST\MXTmpFiles\usb_drd_fs_vars.tmp
2024-12-10 12:50:25,929 [INFO] CodeEngine:255 - oldGeneratedFile, C:\Users\lagoeirl\STM32CubeIDE\USB\USB_TEST\MXTmpFiles\usb_drd_fs_inc.tmp_save
2024-12-10 12:50:26,038 [INFO] CodeEngine:279 - Generated code: C:\Users\lagoeirl\STM32CubeIDE\USB\USB_TEST\MXTmpFiles\usb_drd_fs_inc.tmp
2024-12-10 12:50:26,077 [INFO] CodeEngine:255 - oldGeneratedFile, C:\Users\lagoeirl\STM32CubeIDE\USB\USB_TEST\MXTmpFiles\usb_drd_fs_HalInit.tmp_save
2024-12-10 12:50:26,364 [INFO] CodeEngine:279 - Generated code: C:\Users\lagoeirl\STM32CubeIDE\USB\USB_TEST\MXTmpFiles\usb_drd_fs_HalInit.tmp
2024-12-10 12:50:26,395 [INFO] CodeEngine:255 - oldGeneratedFile, C:\Users\lagoeirl\STM32CubeIDE\USB\USB_TEST\MXTmpFiles\usb_drd_fs_Msp.tmp_save
2024-12-10 12:50:26,567 [INFO] CodeEngine:279 - Generated code: C:\Users\lagoeirl\STM32CubeIDE\USB\USB_TEST\MXTmpFiles\usb_drd_fs_Msp.tmp
2024-12-10 12:50:26,865 [INFO] Middleware:1439 - No code input for Bsp Dependency
2024-12-10 12:50:26,882 [INFO] Middleware:1439 - No code input for Bsp Dependency
2024-12-10 12:50:26,924 [INFO] CodeEngine:255 - oldGeneratedFile, C:\Users\lagoeirl\STM32CubeIDE\USB\USB_TEST\USB_Device\App\usb_device.c_save
2024-12-10 12:50:27,195 [INFO] CodeEngine:279 - Generated code: C:\Users\lagoeirl\STM32CubeIDE\USB\USB_TEST\USB_Device\App\usb_device.c
2024-12-10 12:50:27,230 [INFO] CodeEngine:255 - oldGeneratedFile, C:\Users\lagoeirl\STM32CubeIDE\USB\USB_TEST\USB_Device\App\usb_device.h_save
2024-12-10 12:50:27,385 [INFO] CodeEngine:279 - Generated code: C:\Users\lagoeirl\STM32CubeIDE\USB\USB_TEST\USB_Device\App\usb_device.h
2024-12-10 12:50:27,411 [INFO] CodeEngine:255 - oldGeneratedFile, C:\Users\lagoeirl\STM32CubeIDE\USB\USB_TEST\USB_Device\Target\usbd_conf.h_save
2024-12-10 12:50:27,584 [INFO] CodeEngine:279 - Generated code: C:\Users\lagoeirl\STM32CubeIDE\USB\USB_TEST\USB_Device\Target\usbd_conf.h
2024-12-10 12:50:27,612 [INFO] CodeEngine:255 - oldGeneratedFile, C:\Users\lagoeirl\STM32CubeIDE\USB\USB_TEST\USB_Device\Target\usbd_conf.c_save
2024-12-10 12:50:27,771 [INFO] CodeEngine:279 - Generated code: C:\Users\lagoeirl\STM32CubeIDE\USB\USB_TEST\USB_Device\Target\usbd_conf.c
2024-12-10 12:50:27,809 [INFO] CodeEngine:255 - oldGeneratedFile, C:\Users\lagoeirl\STM32CubeIDE\USB\USB_TEST\USB_Device\App\usbd_desc.h_save
2024-12-10 12:50:27,950 [INFO] CodeEngine:279 - Generated code: C:\Users\lagoeirl\STM32CubeIDE\USB\USB_TEST\USB_Device\App\usbd_desc.h
2024-12-10 12:50:27,975 [INFO] CodeEngine:255 - oldGeneratedFile, C:\Users\lagoeirl\STM32CubeIDE\USB\USB_TEST\USB_Device\App\usbd_desc.c_save
2024-12-10 12:50:28,111 [INFO] CodeEngine:279 - Generated code: C:\Users\lagoeirl\STM32CubeIDE\USB\USB_TEST\USB_Device\App\usbd_desc.c
2024-12-10 12:50:28,146 [INFO] CodeEngine:255 - oldGeneratedFile, C:\Users\lagoeirl\STM32CubeIDE\USB\USB_TEST\USB_Device\App\usbd_cdc_if.h_save
2024-12-10 12:50:28,256 [INFO] CodeEngine:279 - Generated code: C:\Users\lagoeirl\STM32CubeIDE\USB\USB_TEST\USB_Device\App\usbd_cdc_if.h
2024-12-10 12:50:28,280 [INFO] CodeEngine:255 - oldGeneratedFile, C:\Users\lagoeirl\STM32CubeIDE\USB\USB_TEST\USB_Device\App\usbd_cdc_if.c_save
2024-12-10 12:50:28,412 [INFO] CodeEngine:279 - Generated code: C:\Users\lagoeirl\STM32CubeIDE\USB\USB_TEST\USB_Device\App\usbd_cdc_if.c
2024-12-10 12:50:28,484 [INFO] CodeEngine:255 - oldGeneratedFile, C:\Users\lagoeirl\STM32CubeIDE\USB\USB_TEST\Core\Src\stm32g0xx_it.c_save
2024-12-10 12:50:28,664 [INFO] CodeEngine:279 - Generated code: C:\Users\lagoeirl\STM32CubeIDE\USB\USB_TEST\Core\Src\stm32g0xx_it.c
2024-12-10 12:50:28,700 [INFO] CodeEngine:255 - oldGeneratedFile, C:\Users\lagoeirl\STM32CubeIDE\USB\USB_TEST\Core\Inc\stm32g0xx_it.h_save
2024-12-10 12:50:28,827 [INFO] CodeEngine:279 - Generated code: C:\Users\lagoeirl\STM32CubeIDE\USB\USB_TEST\Core\Inc\stm32g0xx_it.h
2024-12-10 12:50:28,894 [INFO] CodeEngine:255 - oldGeneratedFile, C:\Users\lagoeirl\STM32CubeIDE\USB\USB_TEST\Core\Src\stm32g0xx_hal_msp.c_save
2024-12-10 12:50:29,072 [INFO] CodeEngine:279 - Generated code: C:\Users\lagoeirl\STM32CubeIDE\USB\USB_TEST\Core\Src\stm32g0xx_hal_msp.c
2024-12-10 12:50:29,093 [INFO] CodeEngine:255 - oldGeneratedFile, C:\Users\lagoeirl\STM32CubeIDE\USB\USB_TEST\MXTmpFiles\system.tmp_save
2024-12-10 12:50:29,175 [INFO] CodeEngine:279 - Generated code: C:\Users\lagoeirl\STM32CubeIDE\USB\USB_TEST\MXTmpFiles\system.tmp
2024-12-10 12:50:29,237 [INFO] CodeEngine:311 - oldGeneratedFile, C:\Users\lagoeirl\STM32CubeIDE\USB\USB_TEST\Core\Inc\stm32g0xx_hal_conf.h_save
2024-12-10 12:50:29,381 [INFO] CodeEngine:335 - Generated code: C:\Users\lagoeirl\STM32CubeIDE\USB\USB_TEST\Core\Inc\stm32g0xx_hal_conf.h
2024-12-10 12:50:29,523 [INFO] CodeEngine:255 - oldGeneratedFile, C:\Users\lagoeirl\STM32CubeIDE\USB\USB_TEST\Core\Inc\main.h_save
2024-12-10 12:50:29,651 [INFO] CodeEngine:279 - Generated code: C:\Users\lagoeirl\STM32CubeIDE\USB\USB_TEST\Core\Inc\main.h
2024-12-10 12:50:29,691 [INFO] CodeEngine:255 - oldGeneratedFile, C:\Users\lagoeirl\STM32CubeIDE\USB\USB_TEST\Core\Src\main.c_save
2024-12-10 12:50:29,869 [INFO] CodeEngine:279 - Generated code: C:\Users\lagoeirl\STM32CubeIDE\USB\USB_TEST\Core\Src\main.c
2024-12-10 12:50:31,859 [INFO] ProjectBuilder:3249 - Time for Copy HAL[1] : 1719mS.
2024-12-10 12:50:31,871 [INFO] ProjectBuilder:4828 - Project Generator version: 4.4.0-B60
2024-12-10 12:50:31,981 [INFO] ConfigFileManager:1531 - The Die is : DIE467
2024-12-10 12:50:31,997 [INFO] ApiDbMcu:508 - Load IP Config File for FATFS
2024-12-10 12:50:32,013 [INFO] ApiDbMcu:508 - Load IP Config File for FREERTOS
2024-12-10 12:50:32,034 [INFO] ApiDbMcu:508 - Load IP Config File for USBPD
2024-12-10 12:50:32,051 [INFO] ApiDbMcu:508 - Load IP Config File for USB_Host
2024-12-10 12:50:34,531 [INFO] ProjectBuilder:5097 - Time for Generating toolchain IDE Files: 2660mS.
2024-12-10 12:50:34,533 [INFO] ProjectBuilder:3107 - Time for Copy CMSIS : 1mS.
2024-12-10 12:50:34,544 [INFO] ProjectBuilder:3107 - Time for Copy CMSIS : 1mS.
2024-12-10 12:52:16,017 [ERROR] AdobePublisher:162 - Exception while opening the connection: java.net.SocketTimeoutException: Read timed out
2024-12-10 12:52:17,244 [ERROR] AdobePublisher:183 - Exception while getting the server answer: java.io.IOException: Server returned HTTP response code: 400 for URL: https://stmicroelectronics.d3.sc.omtrdc.net/b/ss//6
2024-12-10 14:26:18,406 [INFO] NvicIntPanel:101 - NVIC parent = com.st.microxplorer.plugins.ip.nvic.MultiNvicIntPanel[,0,0,0x0,invalid,layout=javax.swing.BoxLayout,alignmentX=0.0,alignmentY=0.0,border=,flags=9,maximumSize=,minimumSize=,preferredSize=]
2024-12-10 14:27:52,141 [INFO] NvicIntPanel:101 - NVIC parent = com.st.microxplorer.plugins.ip.nvic.MultiNvicIntPanel[,0,0,0x0,invalid,layout=javax.swing.BoxLayout,alignmentX=0.0,alignmentY=0.0,border=,flags=9,maximumSize=,minimumSize=,preferredSize=]
